female,moth_birthyr,fath_birthyr,married,age,employed,degree,asset_inc,labor_inc,total_wealth,total_income
0,1955.0,,0,42.0,1,0,0,30200,0,30200
1,1973.0,1969.0,0,21.0,1,0,0,4000,0,4000
0,,,0,30.0,1,4,0,70000,0,70000
1,,,0,58.0,1,0,0,74600,0,74600
1,1957.0,1962.0,0,34.0,1,0,0,19200,0,19200
1,1965.0,1964.0,0,33.0,1,2,0,52000,0,52000
0,1980.0,1971.0,0,18.0,7,0,0,9968,0,9968
1,1969.0,1966.0,0,21.0,1,0,0,14400,0,14400
1,,,0,27.0,1,0,0,704,0,704
1,,1986.0,0,18.0,7,0,0,1000,0,1000
1,,,1,41.0,1,0,0,44900,0,44900
1,1980.0,1979.0,0,19.0,7,0,0,8000,0,8000
1,1978.0,1979.0,0,18.0,3,0,0,1524,0,1524
1,1983.0,,0,19.0,7,0,0,16900,0,16900
0,,,0,26.0,3,0,0,49320,0,49320
1,1977.0,,0,18.0,3,0,0,300,0,300
0,1961.0,1959.0,0,28.0,1,1,0,42000,0,42000
0,1970.0,1967.0,0,20.0,1,0,0,18000,0,18000
0,1959.0,1948.0,0,23.0,1,0,0,32000,0,32000
1,1973.0,1964.0,0,18.0,7,0,0,4273,0,4273
1,1981.0,1980.0,0,19.0,1,0,0,14400,0,14400
0,1981.0,1980.0,0,18.0,3,0,0,14400,0,14400
0,1986.0,1980.0,0,18.0,1,0,0,20000,0,20000
1,,,0,69.0,1,0,0,20000,0,20000
0,1954.0,,0,41.0,1,0,0,25000,0,25000
1,,,0,27.0,1,0,0,30000,0,30000
1,1969.0,,0,30.0,0,0,0,400,0,400
0,1969.0,1966.0,0,23.0,1,0,0,20000,0,20000
0,1950.0,1932.0,0,34.0,1,0,0,42682,0,44114
1,1979.0,1976.0,0,19.0,7,0,0,9360,0,9360
1,1978.0,1976.0,0,15.0,0,0,0,2000,0,2000
1,1963.0,1963.0,0,32.0,1,0,0,60000,0,60000
1,1978.0,1979.0,0,18.0,1,0,0,14400,0,14400
1,,,1,53.0,1,0,0,14400,0,14400
0,1964.0,1962.0,0,27.0,3,0,0,23400,0,23400
0,,,1,50.0,6,0,0,18000,0,18000
1,1973.0,1972.0,0,17.0,7,0,0,14400,0,14400
0,1955.0,1956.0,0,38.0,1,0,0,26000,0,26000
1,1982.0,1976.0,0,21.0,7,0,0,13725,0,13725
0,1982.0,1976.0,0,17.0,7,0,0,9000,0,9000
1,1976.0,,1,28.0,1,0,0,10000,0,10000
0,,,1,29.0,1,0,0,12000,0,12000
0,1968.0,1967.0,0,27.0,1,0,0,14400,0,14400
1,1976.0,1972.0,0,19.0,1,0,0,20000,0,20000
1,,,0,55.0,1,0,0,14400,0,14400
0,1954.0,1952.0,0,40.0,7,0,0,20000,0,20000
1,1972.0,1973.0,0,19.0,7,0,0,5000,0,5000
0,1970.0,1969.0,0,22.0,1,0,0,55000,50,55050
0,1979.0,1972.0,0,16.0,7,0,0,1560,0,1560
0,1979.0,1977.0,0,18.0,7,0,0,1600,0,1600
1,1976.0,,0,26.0,0,0,0,14400,0,14400
0,1976.0,1968.0,0,21.0,1,0,0,36000,0,36000
0,1953.0,1957.0,0,34.0,1,0,0,14400,0,14400
0,,1967.0,0,19.0,3,0,0,24480,0,24480
1,1957.0,1953.0,0,38.0,1,2,0,20300,0,20300
0,1958.0,1956.0,0,40.0,1,0,0,40000,0,40000
1,1980.0,1971.0,0,20.0,1,0,0,38403,0,38403
1,1973.0,1979.0,0,21.0,1,0,0,14400,0,14400
0,1980.0,1971.0,0,19.0,3,0,0,6400,0,6400
1,1980.0,1971.0,0,18.0,1,0,0,28800,0,28800
1,1959.0,1959.0,0,34.0,1,2,0,65500,0,65500
1,1959.0,1959.0,0,27.0,1,3,0,65000,0,65000
1,1959.0,1959.0,0,25.0,1,2,0,105000,0,105000
0,,,0,27.0,3,0,0,19386,0,19386
1,1960.0,1953.0,0,22.0,1,2,0,6000,0,6000
1,1966.0,1964.0,0,27.0,1,2,0,14400,0,14400
0,1971.0,1969.0,0,18.0,7,0,0,1872,0,1872
0,,,1,29.0,1,1,0,140400,0,140400
0,,,0,30.0,1,0,0,14400,0,14400
0,1969.0,1966.0,0,24.0,1,2,0,36000,0,36000
0,,,0,25.0,1,0,0,58240,0,58240
0,1971.0,1972.0,0,28.0,1,0,0,18000,0,18000
1,1973.0,1972.0,1,22.0,1,0,0,28850,0,28850
0,1979.0,1979.0,0,18.0,7,0,0,8000,0,8000
0,1979.0,1979.0,0,17.0,7,0,0,8000,0,8000
0,,,1,23.0,1,0,0,32105,0,32105
1,,,0,74.0,4,0,0,14400,0,14400
1,1980.0,,0,24.0,1,0,0,18000,0,18000
1,1958.0,1955.0,1,45.0,0,0,0,20000,0,20000
0,1978.0,1976.0,0,24.0,1,0,0,30000,0,30000
1,1970.0,1970.0,0,24.0,1,0,0,30888,0,30888
1,1978.0,1976.0,0,21.0,7,0,0,20000,0,20000
1,1986.0,1981.0,0,18.0,7,0,0,500,0,500
0,1979.0,1973.0,0,19.0,1,0,0,3800,0,3800
1,1981.0,1983.0,0,19.0,7,0,0,12000,0,12000
0,,,0,58.0,1,0,0,100000,0,100000
1,1979.0,1967.0,0,22.0,1,0,0,28000,0,28000
0,1982.0,1983.0,0,18.0,1,0,0,1000,0,1000
0,1973.0,,0,28.0,1,0,0,14400,0,14400
1,,,0,61.0,1,0,0,41000,0,41000
0,1976.0,1975.0,0,19.0,1,0,0,2360,0,2360
1,1974.0,1971.0,0,17.0,7,0,0,8160,0,8160
0,1974.0,1971.0,0,16.0,7,0,0,9360,0,9360
0,,,0,41.0,1,0,0,3000,0,3000
0,1984.0,,0,18.0,7,0,0,4800,0,4800
1,1975.0,1976.0,0,18.0,7,0,0,1500,0,1500
1,1960.0,1958.0,0,41.0,1,0,0,25000,0,25000
1,1969.0,1968.0,0,22.0,7,2,0,10000,0,10000
1,,,0,62.0,1,0,0,80000,0,80000
0,1978.0,,0,23.0,1,0,0,49760,0,49760
0,1978.0,,0,23.0,1,0,0,35360,0,35360
0,1967.0,1961.0,0,25.0,1,0,0,33280,0,33280
1,1973.0,1972.0,0,20.0,1,0,0,5000,0,5000
1,1970.0,1970.0,0,19.0,7,0,0,1200,0,1200
0,1964.0,1964.0,0,20.0,7,0,0,14400,0,14400
1,1964.0,1964.0,0,19.0,7,0,0,14400,0,14400
1,,,1,70.0,1,0,0,12480,0,12480
0,1937.0,1936.0,0,59.0,1,0,0,5600,0,5600
1,1977.0,1979.0,0,23.0,1,0,0,68640,0,68640
1,1977.0,1979.0,0,19.0,1,0,0,19000,0,19000
1,1977.0,1979.0,0,17.0,7,0,0,9000,0,9000
0,,,0,60.0,1,0,0,14400,0,14400
1,1977.0,1974.0,0,21.0,1,2,0,12100,0,12100
0,1968.0,1970.0,0,29.0,1,0,0,3120,0,3120
0,1984.0,1979.0,0,18.0,1,0,0,14400,0,14400
1,1967.0,1969.0,0,21.0,1,0,0,2190,0,2190
1,1987.0,1980.0,0,19.0,1,0,0,13000,0,13000
0,1981.0,1977.0,0,16.0,7,0,0,1000,0,1000
0,1977.0,1975.0,0,20.0,1,0,0,50000,0,50000
0,1978.0,1973.0,0,19.0,1,0,0,6000,0,6000
0,1974.0,,0,18.0,7,0,0,6000,0,6000
1,,,0,26.0,1,2,0,14500,0,14500
1,1977.0,1972.0,0,19.0,6,0,0,100,0,100
0,1977.0,1976.0,0,23.0,1,2,0,8000,0,8000
0,1977.0,1976.0,0,21.0,7,0,0,3000,0,3000
1,1977.0,1976.0,0,18.0,7,0,0,3000,0,3000
0,,,1,63.0,1,0,0,24960,35,24995
1,1983.0,1976.0,0,17.0,9,0,0,9900,0,9900
0,1983.0,1976.0,0,15.0,0,0,0,4680,0,4680
0,1965.0,1959.0,0,28.0,1,2,0,84000,0,84000
0,1968.0,1973.0,0,25.0,1,0,0,14400,0,14400
1,,,0,35.0,1,0,0,35000,0,35000
1,,,0,30.0,1,0,0,20200,0,20200
0,1970.0,1968.0,0,28.0,1,0,0,32200,0,32200
0,1970.0,1968.0,0,24.0,1,0,0,43193,0,43193
1,1978.0,1980.0,0,17.0,7,0,0,10400,0,10400
1,1980.0,1965.0,0,15.0,0,0,0,525,0,525
0,1963.0,1959.0,0,24.0,1,0,0,10000,0,10000
0,1963.0,1959.0,0,24.0,1,0,0,40000,0,40000
1,,,0,83.0,4,0,0,0,13200,13200
0,1978.0,1978.0,0,21.0,7,1,0,5000,0,5000
0,1982.0,1974.0,0,16.0,1,0,0,400,0,400
0,,,1,48.0,1,0,0,55000,0,55000
0,1976.0,,0,19.0,1,0,0,29000,0,29000
1,,,0,27.0,1,0,0,44000,0,44000
0,1965.0,1958.0,0,30.0,3,0,0,25000,0,25000
0,1982.0,,0,21.0,3,0,0,14400,0,14400
1,1982.0,1980.0,0,20.0,1,0,0,37440,0,37440
0,1980.0,1970.0,0,17.0,1,0,0,3000,0,3000
1,1983.0,1980.0,0,18.0,7,0,0,7000,0,7000
0,1958.0,1957.0,0,30.0,3,0,0,12000,0,12000
0,1980.0,,0,22.0,2,0,0,18720,0,18720
0,1980.0,,0,21.0,1,0,0,13440,0,13440
0,1980.0,,0,19.0,1,0,0,33390,0,33390
1,1984.0,1982.0,0,18.0,1,0,0,6500,0,6500
0,1972.0,1964.0,0,20.0,1,0,0,21000,0,21000
1,1973.0,1976.0,0,16.0,3,0,0,1632,0,1632
1,,1981.0,0,18.0,1,0,0,1000,0,1000
0,1972.0,1972.0,0,17.0,7,0,0,3000,0,3000
1,,,0,22.0,2,0,0,14400,0,14400
0,,,1,69.0,0,0,0,3000,0,3000
1,1965.0,1958.0,0,18.0,7,0,0,2560,0,2560
0,1974.0,1974.0,0,21.0,1,0,0,13,0,13
1,1983.0,1983.0,0,17.0,1,0,0,6750,0,6750
1,,,0,54.0,1,0,0,110000,0,110000
1,,,1,36.0,9,0,0,14700,0,14700
1,1960.0,1959.0,0,22.0,7,2,0,1600,0,1600
0,,1963.0,0,23.0,1,0,0,60000,0,60000
0,,,1,25.0,1,0,0,36000,0,36000
1,1978.0,1978.0,0,19.0,2,0,0,48672,0,48672
1,1962.0,,0,42.0,1,2,0,14400,0,14400
1,,,0,41.0,1,2,0,14400,0,14400
0,1981.0,,0,20.0,1,0,0,14400,0,14400
0,,,0,55.0,5,0,5000,5000,5000,10000
1,1967.0,1970.0,0,26.0,1,2,0,14400,0,14400
1,1967.0,1970.0,0,24.0,1,2,0,19584,0,19584
0,1928.0,1923.0,0,68.0,1,0,0,14400,0,14400
1,1973.0,,0,26.0,1,0,0,65000,0,65000
1,1973.0,,0,23.0,6,0,0,12000,0,12000
0,,,0,34.0,1,0,0,62400,0,62400
0,1975.0,1976.0,0,19.0,1,1,0,22000,0,22000
0,,,0,40.0,9,2,0,55000,0,55000
0,1962.0,1963.0,0,28.0,1,2,0,66000,0,66000
0,1962.0,1963.0,0,25.0,1,0,0,9423,0,9423
1,,,0,55.0,1,0,0,18000,0,18000
0,1964.0,1963.0,0,22.0,7,0,0,10350,0,10350
0,1978.0,1978.0,0,21.0,7,1,0,25600,0,25600
0,,,1,52.0,1,0,0,20000,0,20000
0,1974.0,1976.0,0,16.0,1,0,0,2000,0,2000
1,1984.0,1983.0,0,18.0,1,0,0,14400,0,14400
0,1974.0,1955.0,0,22.0,1,0,0,14400,0,14400
0,,,0,23.0,1,0,0,14400,0,14400
0,,,0,40.0,1,0,0,60000,0,60000
1,,,0,57.0,1,0,0,60000,0,60000
0,1981.0,1977.0,0,20.0,7,0,0,9599,0,9599
1,1981.0,1977.0,0,18.0,7,0,0,4799,0,4799
1,1981.0,1977.0,0,15.0,0,0,0,4799,0,4799
1,1976.0,,0,29.0,1,0,0,12718,0,12718
1,,,0,56.0,1,0,0,14400,0,14400
0,,,0,52.0,1,0,0,14400,0,14400
0,1980.0,1975.0,0,21.0,3,0,0,18000,0,18000
1,1979.0,1977.0,0,20.0,6,0,0,14400,0,14400
0,,1981.0,0,20.0,1,0,0,14400,0,14400
1,1981.0,1973.0,0,18.0,7,0,0,5000,0,5000
0,1981.0,1973.0,0,17.0,7,0,0,1500,0,1500
0,1975.0,1972.0,0,28.0,1,0,0,3400,0,3400
1,,,0,31.0,1,0,0,50000,0,50000
0,,,0,49.0,9,0,0,51200,0,51200
0,,,0,80.0,0,0,0,61440,0,61440
1,,,0,36.0,1,2,0,60000,0,60000
0,1958.0,1953.0,0,24.0,1,0,0,13125,0,13125
1,1958.0,1951.0,0,35.0,1,0,0,54080,0,54080
1,1983.0,1983.0,0,19.0,1,0,0,14400,0,14400
1,,,0,65.0,1,0,0,16085,0,16085
1,1971.0,,0,27.0,1,0,0,5000,0,5000
1,,,0,36.0,1,0,0,18400,0,18400
1,,,1,32.0,9,0,0,14400,0,14400
1,,,0,42.0,1,0,0,51324,0,51324
0,1965.0,1961.0,0,24.0,3,0,0,4000,0,4000
0,1973.0,1972.0,0,17.0,7,0,0,1584,0,1584
1,1977.0,1975.0,0,22.0,1,0,0,15680,0,15680
1,1984.0,1983.0,0,17.0,1,0,0,14400,0,14400
0,1970.0,1971.0,0,26.0,1,0,0,45760,0,45760
0,,,0,35.0,1,0,0,87000,0,87000
1,1973.0,1971.0,0,20.0,1,0,0,22400,0,22400
1,1979.0,1976.0,0,18.0,1,0,0,14400,0,14400
1,1968.0,1966.0,0,20.0,1,0,0,14400,0,14400
1,1978.0,1977.0,0,18.0,7,0,0,5000,0,5000
1,1942.0,1940.0,1,60.0,9,0,0,14400,0,14400
0,1981.0,1975.0,0,23.0,3,2,0,5000,0,5000
1,1981.0,1975.0,0,17.0,1,0,0,5000,0,5000
0,1983.0,1979.0,0,17.0,1,0,0,12000,0,12000
0,,,1,52.0,9,0,0,14400,0,14400
1,1971.0,1969.0,0,19.0,7,0,0,3600,0,3600
1,1976.0,1975.0,0,16.0,7,0,0,2308,0,2308
1,1969.0,1966.0,0,20.0,7,0,0,2750,0,2750
1,1971.0,1970.0,0,19.0,7,0,0,3600,0,3600
0,,,0,19.0,7,0,0,2700,0,2700
0,1982.0,,0,21.0,1,0,0,35360,0,35360
1,,,0,66.0,1,0,0,60000,0,60000
0,1980.0,1978.0,0,13.0,0,0,0,800,0,800
1,1977.0,1974.0,0,16.0,2,0,0,4000,0,4000
0,1943.0,1940.0,0,56.0,1,0,0,75000,0,75000
1,,,0,22.0,1,0,0,40000,0,40000
1,,,0,21.0,7,0,0,18000,0,18000
0,,,1,28.0,1,0,0,14400,0,14400
0,1961.0,1961.0,0,22.0,7,0,0,10000,0,10000
1,1965.0,1969.0,0,22.0,3,2,0,7000,0,7000
1,1966.0,1968.0,0,18.0,1,0,0,17000,0,17000
1,1977.0,1978.0,0,21.0,1,0,0,10200,0,10200
0,1977.0,1978.0,0,16.0,1,0,0,8500,0,8500
0,1973.0,1971.0,0,24.0,1,1,0,35000,0,35000
0,1973.0,1962.0,0,16.0,1,0,0,10000,0,10000
0,1957.0,1958.0,1,34.0,1,0,0,60000,0,60000
1,1981.0,,0,19.0,9,0,0,14400,0,14400
1,1981.0,,0,17.0,1,0,0,10368,0,10368
0,,1982.0,0,19.0,7,0,0,720,0,720
0,1954.0,1951.0,0,35.0,3,0,0,2000,0,2000
0,1961.0,1960.0,0,27.0,1,2,0,65000,0,65000
0,1961.0,1960.0,0,25.0,1,2,0,75000,0,75000
1,,,0,18.0,7,0,0,1800,0,1800
0,1962.0,1956.0,0,28.0,1,2,0,29308,0,29308
1,1974.0,1976.0,0,18.0,7,0,0,4000,0,4000
1,1974.0,1976.0,0,16.0,7,0,0,2500,0,2500
0,,1980.0,0,17.0,1,0,0,4500,0,4500
0,1957.0,1952.0,0,26.0,1,2,0,35000,0,35000
1,1986.0,,0,19.0,7,0,0,3000,0,3000
0,1969.0,1968.0,0,21.0,7,1,0,15000,0,15000
1,,,0,76.0,1,0,0,55000,0,55000
1,1975.0,1955.0,0,22.0,1,0,0,7201,0,7201
1,,,0,20.0,1,0,0,3780,0,3780
0,1979.0,1979.0,0,21.0,1,0,0,15000,0,15000
1,1972.0,1972.0,0,21.0,7,0,0,8800,0,8800
0,1972.0,1972.0,0,20.0,7,0,0,3917,0,3917
0,1975.0,1976.0,0,18.0,7,0,0,10271,0,10271
0,1973.0,1973.0,0,21.0,1,0,0,20000,0,20000
0,1964.0,,1,38.0,1,0,0,60000,0,60000
1,,,1,28.0,1,0,0,40554,0,40554
0,1996.0,1992.0,0,4.0,0,0,0,48004,0,48004
1,,,0,28.0,1,0,0,14400,0,14400
1,,,0,47.0,9,0,0,14400,0,14400
1,1977.0,,0,21.0,1,0,0,40000,0,40000
0,1980.0,1978.0,0,23.0,1,0,0,8000,0,8000
0,1969.0,1969.0,0,27.0,1,0,0,80000,0,80000
0,1968.0,1967.0,0,25.0,1,2,0,40000,0,40000
1,1964.0,1954.0,0,23.0,1,0,0,30000,0,30000
1,1972.0,1973.0,0,22.0,7,0,0,4800,0,4800
1,,,0,43.0,1,0,0,14400,0,14400
0,,,1,31.0,1,0,0,33280,0,33280
1,,,0,19.0,6,0,0,1000,0,1000
1,1975.0,1971.0,0,18.0,3,0,0,1200,0,1200
0,,,1,25.0,1,0,0,46800,0,46800
0,1961.0,1966.0,0,27.0,1,0,0,14400,0,14400
0,1981.0,,0,17.0,7,0,0,600,0,600
1,1977.0,1973.0,0,18.0,1,0,0,23996,0,23996
1,1972.0,1970.0,0,20.0,7,0,0,3000,0,3000
1,1978.0,1972.0,0,17.0,1,0,0,3600,0,3600
0,1978.0,1972.0,0,16.0,1,0,0,950,0,950
0,1968.0,1967.0,0,27.0,1,0,0,40000,0,40000
0,1968.0,1967.0,0,25.0,1,0,0,45000,0,45000
1,1981.0,1981.0,0,19.0,7,0,0,3000,0,3000
0,1981.0,1982.0,0,17.0,1,0,0,10798,0,10798
0,,,1,48.0,1,0,0,103000,0,103000
1,,1982.0,0,17.0,1,0,0,4550,0,4550
0,1972.0,1972.0,0,12.0,0,0,0,200000,0,200000
0,1971.0,1971.0,0,19.0,1,0,0,15000,0,15000
1,1971.0,1971.0,0,19.0,1,0,0,4464,0,4464
1,1979.0,1977.0,0,17.0,7,0,0,3100,0,3100
1,1954.0,,0,46.0,1,2,0,50000,0,50000
1,1985.0,1973.0,0,15.0,0,0,0,1500,0,1500
0,1958.0,,0,20.0,3,0,0,6825,0,6825
0,1959.0,,1,34.0,1,0,0,50000,0,50000
1,,,1,33.0,1,0,0,50000,0,50000
1,,,0,50.0,1,0,0,90000,0,90000
0,,,0,54.0,1,0,0,85000,0,85000
0,1985.0,1984.0,0,20.0,1,0,0,14400,0,14400
1,1951.0,1948.0,1,45.0,1,2,0,14400,0,14400
0,,,0,23.0,3,0,0,2000,0,2000
0,1960.0,1952.0,0,24.0,1,0,0,18000,0,18000
1,1976.0,1976.0,0,18.0,7,0,0,8000,0,8000
0,,,0,19.0,7,0,0,6000,0,6000
1,,,0,17.0,7,0,0,9000,0,9000
0,1975.0,1973.0,0,15.0,0,0,0,1000,0,1000
0,,,0,22.0,7,0,0,6545,0,6545
0,1966.0,1965.0,0,35.0,1,1,0,45000,0,45000
0,1982.0,1978.0,0,21.0,1,0,0,62400,0,62400
0,1985.0,1985.0,0,19.0,1,0,0,35100,0,35100
0,,,0,26.0,1,0,0,40000,0,40000
0,1973.0,1970.0,0,24.0,1,0,0,14400,0,14400
1,,,0,30.0,1,0,0,8814,0,8814
0,1972.0,1967.0,0,19.0,1,0,0,7450,0,7450
0,1976.0,1976.0,0,16.0,1,0,0,534,0,534
0,1974.0,1964.0,0,14.0,0,0,0,14400,0,14400
1,1967.0,1964.0,0,18.0,1,0,0,8275,0,8275
1,1978.0,1974.0,0,17.0,7,0,0,0,3412,3412
1,1978.0,1974.0,0,13.0,0,0,0,0,1535,1535
0,1974.0,1974.0,0,23.0,1,4,0,14400,0,14400
1,1974.0,1974.0,0,20.0,7,0,0,14400,0,14400
1,1974.0,1974.0,0,18.0,7,0,0,14400,0,14400
1,,,0,16.0,7,0,0,567,0,567
0,1969.0,1966.0,0,20.0,1,0,0,40000,0,40000
1,1969.0,1966.0,0,18.0,7,0,0,5408,0,5408
0,1969.0,1966.0,0,16.0,7,0,0,8970,0,8970
0,,,1,67.0,1,0,0,14400,0,14400
1,1977.0,,0,21.0,1,0,0,35000,0,35000
0,1979.0,1979.0,0,19.0,1,0,0,14400,0,14400
1,1982.0,1979.0,0,18.0,1,0,0,14024,0,14024
1,1966.0,1960.0,0,27.0,1,0,0,22000,0,22000
1,1963.0,1963.0,0,31.0,1,2,0,59280,0,59280
1,1972.0,1970.0,0,20.0,7,0,0,4000,0,4000
0,1972.0,1970.0,0,18.0,7,0,0,9200,0,9200
0,1942.0,1938.0,0,56.0,1,0,0,80000,0,80000
1,1977.0,1978.0,0,26.0,1,4,0,18000,0,18000
0,1983.0,,0,19.0,1,0,0,14400,0,14400
1,1983.0,,0,19.0,1,0,0,14400,0,14400
0,1983.0,,0,22.0,1,0,0,14400,0,14400
1,1975.0,1973.0,0,19.0,7,0,0,3975,0,3975
0,1976.0,1975.0,0,19.0,1,0,0,3456,0,3456
1,1972.0,1970.0,0,17.0,7,0,0,4400,0,4400
0,,,0,16.0,7,0,0,346,0,346
1,1979.0,1977.0,0,16.0,1,0,0,5000,0,5000
0,1968.0,1963.0,0,19.0,1,0,0,22000,0,22000
1,1975.0,1971.0,0,18.0,7,0,0,3200,0,3200
0,1975.0,1971.0,0,18.0,7,0,0,600,0,600
0,1967.0,1968.0,0,18.0,7,0,0,3000,0,3000
1,1977.0,1976.0,0,19.0,7,0,0,6000,0,6000
1,1983.0,1980.0,0,18.0,1,0,0,25000,0,25000
0,1970.0,1968.0,0,26.0,3,0,0,50000,0,50000
1,1975.0,1968.0,0,17.0,7,0,0,12000,0,12000
0,1969.0,1971.0,0,16.0,7,0,0,4000,0,4000
0,1974.0,1974.0,0,19.0,7,0,0,3400,0,3400
1,1969.0,1971.0,0,18.0,7,0,0,1000,0,1000
1,1975.0,1979.0,0,21.0,1,0,0,12000,0,12000
0,1960.0,,0,30.0,1,2,0,50000,0,50000
0,1960.0,1962.0,0,25.0,1,0,0,14400,0,14400
0,1960.0,1962.0,0,21.0,1,0,0,14400,0,14400
0,1955.0,1948.0,0,38.0,1,0,0,34560,0,34560
0,1951.0,,1,40.0,2,0,0,51000,0,51000
1,,,0,50.0,1,0,0,26520,0,26520
1,1975.0,1973.0,0,19.0,7,0,0,1200,0,1200
1,1977.0,1979.0,0,18.0,1,0,0,6075,0,6075
0,,,0,18.0,1,0,0,2080,0,2080
0,1956.0,1960.0,0,28.0,6,0,0,20000,0,20000
1,,,0,58.0,1,0,0,14400,0,14400
1,1977.0,1973.0,0,18.0,1,0,0,4500,0,4500
0,1986.0,1983.0,0,17.0,1,0,0,7000,0,7000
1,1972.0,1974.0,0,22.0,1,2,0,56160,0,56160
0,,,1,49.0,9,0,150000,150000,150000,300000
0,1975.0,1969.0,0,22.0,1,0,0,35500,0,35500
0,1981.0,1980.0,0,21.0,1,0,0,37440,0,37440
0,,1970.0,0,23.0,1,2,0,60000,0,60000
0,1969.0,1969.0,0,22.0,1,2,0,6000,0,6000
0,1972.0,1978.0,0,18.0,1,0,0,15000,0,15000
1,1972.0,1978.0,0,17.0,7,0,0,3000,0,3000
1,,,0,30.0,9,0,0,14400,0,14400
0,1944.0,,0,58.0,1,0,0,75000,0,75000
0,1961.0,1958.0,0,36.0,1,2,0,22000,0,22000
0,1987.0,,0,18.0,1,0,0,4800,0,4800
1,1952.0,1920.0,0,41.0,1,0,0,14400,0,14400
0,1959.0,1958.0,0,39.0,3,0,0,2688,0,2688
1,1968.0,1968.0,0,23.0,1,0,0,32000,0,32000
0,1966.0,1965.0,0,21.0,1,0,0,20000,0,20000
1,1968.0,1968.0,0,20.0,1,0,0,20000,0,20000
1,,,0,18.0,1,0,0,6000,0,6000
1,1966.0,1965.0,0,26.0,1,0,0,14400,0,14400
1,1966.0,,0,28.0,1,1,0,14400,0,14400
1,1966.0,,0,20.0,1,0,0,18000,0,18000
0,1975.0,,0,24.0,1,0,0,26733,0,26733
0,1979.0,1977.0,0,24.0,1,2,0,24868,0,24868
1,1979.0,,0,20.0,1,0,0,30375,0,30375
1,1978.0,1978.0,0,20.0,1,0,0,14400,0,14400
0,1977.0,1978.0,0,18.0,7,0,0,2400,0,2400
0,1980.0,1980.0,0,18.0,1,0,0,6300,0,6300
1,1983.0,1981.0,0,19.0,6,0,0,2600,0,2600
1,1980.0,1980.0,0,17.0,1,0,0,10800,0,10800
0,1980.0,1975.0,0,16.0,1,0,0,2700,0,2700
0,,,0,19.0,3,0,0,20000,0,20000
1,1970.0,1965.0,0,23.0,1,0,0,37800,0,37800
0,1970.0,1965.0,0,19.0,1,0,0,33280,0,33280
1,1980.0,1973.0,0,18.0,1,0,0,7000,0,7000
0,1963.0,1965.0,0,23.0,1,2,0,8400,0,8400
0,1963.0,1965.0,0,21.0,7,1,0,14400,0,14400
0,1963.0,1965.0,0,19.0,7,0,0,4000,0,4000
0,1976.0,1976.0,0,18.0,7,0,0,2880,0,2880
0,1979.0,1977.0,0,20.0,1,0,0,7800,0,7800
1,1958.0,1958.0,0,43.0,0,0,0,14400,0,14400
1,1972.0,1977.0,0,15.0,0,0,0,4000,0,4000
1,,,0,90.0,4,0,0,0,50000,74000
1,1973.0,1968.0,1,31.0,1,2,0,80000,0,80000
0,,,1,53.0,1,0,0,100000,0,100000
0,1972.0,1971.0,0,24.0,1,0,0,33280,0,33280
1,1972.0,1971.0,0,17.0,7,0,0,2000,0,2000
1,1962.0,1963.0,0,30.0,1,0,0,50000,0,50000
0,,,0,31.0,1,0,0,95000,0,95000
1,1984.0,,0,21.0,1,0,0,14400,0,14400
0,,1979.0,0,23.0,1,0,0,45760,0,45760
0,1958.0,,0,41.0,1,0,0,61000,0,61000
1,1971.0,1969.0,0,21.0,1,1,0,5400,0,5400
0,,1982.0,0,23.0,3,0,0,5550,0,5550
0,,1981.0,0,22.0,1,0,0,42000,0,42000
1,,,0,26.0,1,2,0,74402,0,74402
1,1962.0,1959.0,1,33.0,1,0,0,42000,0,42000
0,1981.0,,0,22.0,9,0,0,14400,0,14400
1,1979.0,1979.0,0,22.0,1,0,0,38376,0,38376
1,1974.0,1961.0,0,28.0,1,2,14000,14000,14000,28000
0,1960.0,1960.0,0,34.0,1,2,0,35000,0,35000
0,1966.0,1967.0,0,28.0,1,0,0,14400,0,14400
1,1973.0,1971.0,0,25.0,1,2,0,7276,0,7276
0,1972.0,1972.0,0,25.0,1,2,0,300,0,300
1,1973.0,1971.0,0,20.0,1,0,0,33539,0,33539
1,1972.0,1972.0,0,22.0,1,0,0,25000,0,25000
1,1971.0,1970.0,0,21.0,1,0,0,19500,0,19500
1,1972.0,1972.0,0,18.0,1,0,0,11450,0,11450
0,1973.0,1971.0,0,18.0,1,0,0,4063,0,4063
1,1980.0,1978.0,0,22.0,1,0,0,2000,0,2000
0,,,1,29.0,1,0,0,50000,0,50000
0,1975.0,,0,22.0,1,2,0,10000,0,10000
1,1975.0,1975.0,0,19.0,7,0,0,3000,0,3000
1,1979.0,1979.0,0,18.0,1,0,0,11700,0,11700
0,1975.0,1975.0,0,17.0,7,0,0,2000,0,2000
0,,,1,28.0,1,0,0,14400,0,14400
0,1984.0,,0,17.0,7,0,0,1840,0,1840
0,,,0,27.0,1,0,0,14400,0,14400
1,1973.0,1972.0,0,20.0,1,0,0,9975,0,9975
1,1973.0,1972.0,0,19.0,1,0,0,4768,0,4768
0,1973.0,1972.0,0,17.0,7,0,0,1227,0,1227
1,1970.0,1968.0,0,31.0,1,2,0,14400,0,14400
0,,,0,58.0,1,0,0,14400,0,14400
0,,,0,27.0,1,0,0,16640,0,16640
0,1972.0,1973.0,0,23.0,3,0,0,14400,0,14400
0,1972.0,1973.0,0,21.0,3,0,0,14400,0,14400
1,1976.0,1967.0,0,19.0,7,0,0,12000,0,12000
0,1964.0,,0,36.0,1,0,0,35000,0,35000
1,1983.0,1985.0,0,16.0,1,0,0,176,0,176
1,1987.0,1986.0,0,3.0,0,0,0,75,0,75
0,1987.0,1986.0,0,1.0,0,0,0,120,0,120
1,1972.0,1970.0,0,22.0,7,2,0,8000,0,8000
1,1971.0,,0,21.0,1,0,0,8125,0,8125
0,1932.0,1928.0,1,58.0,0,0,0,14400,0,14400
0,1967.0,1964.0,0,23.0,1,0,0,14400,0,14400
1,1967.0,1964.0,0,21.0,1,0,0,14400,0,14400
0,1967.0,1964.0,0,19.0,1,0,0,14400,0,14400
1,1967.0,1964.0,0,16.0,7,0,0,18000,0,18000
0,,,0,23.0,1,0,0,41250,0,41250
1,1984.0,1971.0,0,16.0,7,0,0,3692,0,3692
0,1962.0,1962.0,0,28.0,1,0,0,40000,0,40000
0,1965.0,1962.0,0,32.0,1,0,17500,17500,17500,35000
1,1985.0,1983.0,0,18.0,7,0,0,14400,0,14400
0,1975.0,1966.0,0,26.0,1,0,0,20200,0,20200
0,1977.0,1977.0,0,20.0,3,0,0,8308,0,8308
0,1979.0,1979.0,0,24.0,1,0,0,12240,0,12240
0,1982.0,,0,17.0,7,0,0,14400,0,14400
1,1979.0,,0,22.0,3,0,0,33280,0,33280
1,1983.0,,0,20.0,1,0,0,14400,0,14400
0,1951.0,,0,45.0,1,0,0,109200,0,109200
0,1975.0,1980.0,0,18.0,1,0,0,12600,0,12600
0,1978.0,1978.0,0,18.0,7,0,0,12750,0,12750
0,1980.0,1975.0,0,19.0,1,0,0,10140,0,10140
1,1983.0,1983.0,0,17.0,1,0,0,1040,0,1040
0,1981.0,,0,19.0,6,0,0,10000,0,10000
1,1981.0,,0,17.0,7,0,0,6000,0,6000
1,1979.0,1978.0,0,19.0,1,0,0,14400,0,14400
1,1986.0,1978.0,0,17.0,3,0,0,3750,0,3750
0,1971.0,1974.0,0,21.0,7,0,0,14040,0,14040
0,1971.0,1974.0,0,16.0,7,0,0,1080,0,1080
1,1964.0,1957.0,0,32.0,1,2,0,85000,0,85000
1,1964.0,1957.0,0,23.0,1,2,0,5280,0,5280
1,1971.0,,0,18.0,1,0,0,31200,0,31200
1,1982.0,1980.0,0,22.0,7,2,0,11600,0,11600
0,1952.0,1952.0,1,41.0,1,0,0,14400,0,14400
0,1961.0,1961.0,0,36.0,1,0,0,18000,0,18000
0,1961.0,1961.0,0,30.0,1,0,0,14400,0,14400
1,1961.0,1961.0,0,27.0,1,0,0,14400,0,14400
1,1979.0,1975.0,0,22.0,1,0,0,14400,0,14400
0,1982.0,,0,19.0,1,0,0,15600,0,15600
0,1949.0,,0,48.0,1,0,0,20000,0,20000
1,,,1,37.0,1,0,0,14400,0,14400
1,,1976.0,0,16.0,7,0,0,500,0,500
0,,,0,27.0,1,0,0,38000,0,38000
0,1965.0,1964.0,0,24.0,1,1,0,28000,0,28000
1,1975.0,1971.0,0,18.0,7,0,0,3000,0,3000
0,,,1,62.0,0,0,0,2212,0,2212
0,1970.0,1970.0,0,24.0,1,2,0,95000,0,95000
1,1970.0,1970.0,0,21.0,7,0,0,4480,0,4480
1,1973.0,1973.0,0,17.0,7,0,0,3000,0,3000
1,1976.0,1976.0,0,17.0,1,0,0,1200,0,1200
0,1975.0,,0,28.0,3,0,0,22382,0,22382
1,1957.0,1957.0,0,31.0,1,0,0,14400,0,14400
1,1966.0,1969.0,0,19.0,3,0,0,240,0,240
0,1984.0,,0,20.0,7,0,0,5000,0,5000
1,1980.0,1977.0,0,22.0,1,0,0,14400,0,14400
1,1972.0,1969.0,0,25.0,1,0,0,20000,0,20000
1,,,0,56.0,1,0,0,14400,0,14400
1,1967.0,1967.0,0,38.0,1,0,0,14400,0,14400
1,1967.0,,0,36.0,1,0,0,14400,0,14400
0,1971.0,,0,19.0,1,0,0,14400,0,14400
1,1983.0,,0,19.0,1,0,0,7000,0,7000
0,1981.0,1980.0,0,19.0,1,0,0,12000,0,12000
0,1976.0,1971.0,0,15.0,0,0,0,1953,0,1953
1,1981.0,1980.0,0,15.0,0,0,0,3800,0,3800
1,1976.0,,0,25.0,9,1,0,14400,0,14400
1,,,1,38.0,9,0,0,14400,0,14400
1,,1982.0,0,20.0,7,0,0,20000,0,20000
0,,,0,56.0,1,0,0,85000,0,85000
1,,,0,50.0,1,0,0,50000,0,50000
1,1980.0,1981.0,0,19.0,1,0,0,1500,0,1500
0,,,0,38.0,9,0,0,23629,0,23629
0,1984.0,1982.0,0,17.0,1,0,0,9000,0,9000
1,,,0,62.0,1,0,0,40500,0,40500
0,1979.0,1975.0,0,19.0,7,0,0,800,0,800
1,1979.0,1975.0,0,16.0,7,0,0,5120,0,5120
0,,1980.0,0,16.0,7,0,0,6400,0,6400
1,1949.0,1941.0,0,51.0,6,0,0,7000,0,7000
1,1979.0,1976.0,0,19.0,1,0,0,4000,0,4000
1,1976.0,,0,21.0,1,0,0,20200,0,20200
0,1983.0,,0,19.0,3,0,0,14400,0,14400
0,,,0,39.0,6,0,0,14420,0,14420
1,1975.0,1974.0,0,20.0,7,0,0,4100,0,4100
1,1975.0,1974.0,0,17.0,7,0,0,2200,0,2200
1,1971.0,1972.0,0,21.0,7,0,0,3000,0,3000
1,1966.0,1965.0,0,24.0,1,2,0,26640,0,26640
1,1966.0,1965.0,0,21.0,3,0,0,3000,0,3000
1,1972.0,,0,25.0,1,0,0,25000,0,25000
1,1971.0,1967.0,0,24.0,6,0,0,4500,0,4500
0,1973.0,1968.0,0,21.0,1,0,0,26500,0,26500
1,1971.0,1967.0,0,21.0,7,0,0,14400,0,14400
0,1987.0,,0,17.0,1,0,0,12000,0,12000
0,1980.0,,0,17.0,7,0,0,300,0,300
0,1980.0,,0,21.0,1,0,0,31200,0,31200
1,,,0,62.0,4,0,0,6000,0,6000
0,,,0,64.0,1,0,55000,55000,55000,110000
1,,,0,53.0,3,0,0,14400,0,14400
0,,,0,22.0,1,0,0,49140,0,49140
1,1974.0,,0,19.0,7,0,0,4100,0,4100
0,1977.0,1975.0,0,18.0,7,0,0,3600,0,3600
0,1974.0,1969.0,0,21.0,1,0,0,14400,0,14400
0,1974.0,,0,25.0,1,0,0,21840,0,21840
0,1969.0,1966.0,0,25.0,1,2,0,14400,0,14400
1,1969.0,1969.0,0,22.0,1,2,0,13844,0,13844
0,1960.0,1947.0,0,40.0,1,0,0,35000,0,35000
1,1986.0,,0,18.0,7,0,0,6720,0,6720
0,,,0,20.0,1,0,0,37440,0,37440
1,,1985.0,0,18.0,7,0,0,3264,0,3264
1,1976.0,,0,24.0,7,2,0,8000,0,8000
0,,,0,24.0,1,0,0,38400,0,38400
1,1962.0,,0,33.0,9,0,0,14000,0,14000
0,1982.0,1983.0,0,20.0,1,0,0,14400,0,14400
0,1982.0,1983.0,0,17.0,1,0,0,14400,0,14400
1,,,0,28.0,1,0,0,30000,0,30000
1,1976.0,1975.0,0,20.0,1,0,0,13847,0,13847
1,1976.0,1975.0,0,17.0,1,0,0,5200,0,5200
1,1952.0,1944.0,1,38.0,6,0,0,14400,0,14400
1,1955.0,,1,35.0,1,0,0,65000,0,65000
1,1976.0,,0,19.0,7,0,0,14400,0,14400
1,,,0,51.0,1,0,0,14400,0,14400
0,,1961.0,0,36.0,5,0,0,20000,0,20000
0,,,1,50.0,1,0,0,18000,0,18000
1,,,0,41.0,1,0,0,14400,0,14400
0,1975.0,1972.0,0,18.0,7,0,0,9920,0,9920
0,1978.0,1977.0,0,21.0,6,0,0,500,0,500
0,1978.0,,0,19.0,1,0,0,10000,0,10000
1,1978.0,,0,18.0,1,0,0,8000,0,8000
1,1985.0,1981.0,0,16.0,0,0,0,14400,0,14400
1,1972.0,1966.0,0,23.0,1,0,0,35000,0,35000
1,,,0,59.0,1,0,0,28000,0,28000
0,1953.0,1952.0,1,33.0,1,3,0,45000,0,45000
1,1978.0,1972.0,0,19.0,7,0,0,6269,0,6269
0,1978.0,1972.0,0,18.0,7,0,0,2953,0,2953
0,1970.0,1971.0,0,32.0,1,0,0,14400,0,14400
1,1970.0,1971.0,0,28.0,1,2,0,14400,0,14400
1,,,0,76.0,3,0,0,30000,0,30000
1,1981.0,1980.0,0,18.0,7,0,0,6000,0,6000
1,,,1,70.0,1,0,0,14400,0,14400
0,,,0,49.0,5,0,0,2055,0,2055
0,1979.0,1977.0,0,22.0,1,0,0,32760,0,32760
1,1967.0,,0,17.0,7,0,0,1800,0,1800
1,1977.0,,0,20.0,3,0,0,19380,0,19380
1,1980.0,1978.0,0,22.0,1,2,0,5000,0,5000
1,,,1,53.0,1,0,0,18000,0,18000
0,,,1,53.0,1,0,0,14400,0,14400
1,1962.0,1962.0,0,32.0,1,2,0,25000,0,25000
0,1981.0,1978.0,0,23.0,1,0,0,12950,0,12950
1,1965.0,1964.0,0,30.0,1,2,0,58000,0,58000
1,1965.0,1964.0,0,27.0,1,3,0,62000,0,62000
1,,,1,65.0,4,0,0,90000,0,90000
1,,,0,63.0,4,0,0,14400,0,14400
1,1959.0,1957.0,0,43.0,1,0,0,14400,0,14400
1,1980.0,,0,18.0,7,0,0,14868,0,14868
0,,,0,32.0,1,0,0,86000,0,86000
0,1966.0,1965.0,0,20.0,7,0,0,2100,0,2100
0,1969.0,1963.0,0,25.0,1,2,0,32000,0,32000
0,1970.0,1967.0,0,20.0,6,0,0,13500,0,13500
1,1970.0,1967.0,0,17.0,6,0,0,1000,0,1000
1,,,1,42.0,1,2,0,20000,0,20000
0,1959.0,1961.0,0,29.0,1,2,0,23040,0,23040
1,1963.0,1961.0,0,23.0,1,0,0,25000,0,25000
0,1965.0,1966.0,0,17.0,7,0,0,3000,0,3000
1,1963.0,1961.0,0,16.0,7,0,0,1000,0,1000
1,1972.0,1968.0,0,19.0,7,0,0,2500,0,2500
0,1972.0,1968.0,0,16.0,7,0,0,3000,0,3000
1,1973.0,1973.0,0,19.0,1,0,0,20000,0,20000
0,,,1,50.0,1,0,0,65000,0,65000
0,1973.0,1967.0,0,19.0,1,0,0,13500,0,13500
1,1963.0,1964.0,0,19.0,1,0,0,2200,0,2200
1,,,1,47.0,1,0,0,14400,0,14400
1,,1982.0,0,20.0,1,0,0,8000,0,8000
1,,,1,57.0,1,0,0,18000,0,18000
0,,1979.0,0,18.0,7,0,0,14400,0,14400
1,1975.0,1974.0,0,21.0,1,0,0,14400,0,14400
0,1975.0,1974.0,0,18.0,1,0,0,14400,0,14400
1,1978.0,1974.0,0,16.0,7,0,0,300,0,300
1,1965.0,1965.0,0,24.0,1,0,0,800,0,800
1,1980.0,1978.0,0,19.0,1,0,0,15000,0,15000
1,,1979.0,0,23.0,1,2,0,48000,0,48000
1,1973.0,1970.0,0,22.0,1,1,0,1200,0,1200
0,,,0,55.0,9,0,0,14400,0,14400
0,1962.0,1958.0,0,32.0,9,0,0,14400,0,14400
1,,,1,34.0,1,0,0,40000,0,40000
1,1982.0,1983.0,0,20.0,7,0,0,14220,0,14220
0,1982.0,1983.0,0,18.0,1,0,0,34200,0,34200
0,1982.0,1983.0,0,17.0,7,0,0,1792,0,1792
0,1975.0,1974.0,0,23.0,1,2,0,20000,0,20000
1,1975.0,1974.0,0,18.0,7,0,0,10000,0,10000
0,1980.0,1982.0,0,21.0,1,0,0,30000,0,30000
0,1970.0,1970.0,0,20.0,7,0,0,2240,0,2240
0,1962.0,1964.0,0,39.0,1,0,0,16000,0,16000
0,1977.0,1975.0,0,17.0,3,0,0,357,0,357
1,1940.0,,1,62.0,4,0,0,1500,0,1500
0,,1984.0,0,21.0,1,0,0,36000,0,36000
0,1972.0,1965.0,0,28.0,1,0,0,14400,0,14400
1,1972.0,1965.0,0,23.0,1,2,0,45000,0,45000
0,1979.0,1979.0,0,23.0,1,0,0,14400,0,14400
1,,,0,44.0,1,2,0,62400,0,62400
0,1969.0,1965.0,0,25.0,1,2,0,50000,0,50000
0,1969.0,1965.0,0,18.0,7,0,0,250,0,250
1,1969.0,,0,20.0,6,0,0,4000,0,4000
1,1966.0,1968.0,0,26.0,1,0,0,50000,0,50000
0,1970.0,1968.0,0,19.0,7,0,0,14400,0,14400
0,1966.0,,0,40.0,1,0,0,38000,0,38000
1,1982.0,,0,23.0,1,0,0,25000,0,25000
1,1982.0,1982.0,0,21.0,1,0,0,14400,0,14400
0,1977.0,,0,20.0,1,0,0,26000,0,26000
0,1982.0,1982.0,0,18.0,1,0,0,14400,0,14400
0,1974.0,1973.0,1,23.0,1,0,0,48000,0,48000
0,,,1,36.0,1,0,0,98000,0,98000
1,,,1,23.0,1,0,0,14400,0,14400
1,1981.0,1981.0,0,20.0,1,0,0,44720,0,44720
1,,,0,61.0,1,0,0,40000,0,40000
1,1973.0,1971.0,0,25.0,1,2,0,18000,0,18000
0,1976.0,,0,25.0,1,0,0,18000,0,18000
0,,,0,36.0,1,0,0,135200,0,135200
0,1968.0,1968.0,0,19.0,3,0,0,10800,0,10800
1,1960.0,1968.0,0,26.0,1,0,0,6000,0,6000
0,1960.0,1968.0,0,24.0,6,0,0,0,50,650
0,1960.0,1961.0,0,32.0,1,0,0,2560,0,2560
1,1969.0,1968.0,0,21.0,2,0,0,5000,0,5000
0,1967.0,1960.0,0,18.0,7,0,0,2160,0,2160
1,1976.0,1976.0,0,15.0,0,0,0,600,0,600
1,1976.0,1975.0,0,19.0,7,0,0,2000,0,2000
0,1977.0,1977.0,0,18.0,1,0,0,5800,0,5800
0,1976.0,1975.0,0,18.0,7,0,0,1000,0,1000
0,1975.0,1970.0,0,25.0,1,2,0,75000,0,75000
1,1974.0,1971.0,0,23.0,7,0,0,10000,0,10000
1,1981.0,1979.0,0,20.0,7,0,0,15400,0,15400
1,1974.0,1971.0,0,19.0,7,0,0,8000,0,8000
1,1976.0,1976.0,0,18.0,7,0,0,6000,0,6000
1,1981.0,1979.0,0,18.0,3,0,0,1000,0,1000
0,1974.0,1971.0,0,17.0,7,0,0,7000,0,7000
1,,,0,44.0,1,0,0,14400,0,14400
0,1960.0,1959.0,0,35.0,1,2,0,100000,0,100000
1,1959.0,1964.0,0,29.0,1,2,0,24960,0,24960
0,1956.0,1951.0,0,50.0,1,0,0,110000,0,110000
0,1974.0,,0,28.0,1,0,0,23400,0,23400
0,1978.0,,0,25.0,6,0,0,128,0,128
1,1974.0,1971.0,0,22.0,1,2,0,7800,0,7800
0,1978.0,1972.0,0,20.0,1,0,0,36400,0,36400
1,1989.0,1986.0,0,16.0,1,0,0,5000,0,5000
1,1979.0,1979.0,0,23.0,1,0,0,3000,0,3000
1,1952.0,1957.0,0,31.0,1,1,0,14400,0,14400
0,1952.0,1957.0,0,40.0,1,0,0,14400,0,14400
1,,,0,58.0,6,0,0,28000,0,28000
0,1970.0,1964.0,0,33.0,1,0,0,27200,0,27200
0,1969.0,1966.0,0,31.0,1,0,0,14400,0,14400
1,1968.0,1971.0,0,21.0,7,0,0,9000,0,9000
0,1968.0,1971.0,0,19.0,7,0,0,256,0,256
0,1985.0,1977.0,0,20.0,7,0,0,14400,0,14400
0,1973.0,1966.0,0,15.0,0,0,0,1200,0,1200
1,,,0,69.0,1,0,0,14400,0,14400
0,,,0,23.0,1,0,0,14400,0,14400
0,1972.0,1971.0,0,24.0,1,2,0,25000,0,25000
1,1956.0,1957.0,1,39.0,1,0,0,35000,0,35000
1,1981.0,1974.0,0,19.0,1,0,0,20200,0,20200
0,1965.0,1965.0,0,26.0,1,2,0,24120,0,24120
0,1965.0,1965.0,0,22.0,1,0,0,7920,0,7920
0,1988.0,,0,19.0,1,0,0,10000,0,10000
0,1962.0,1965.0,0,23.0,1,1,0,18000,0,18000
1,1962.0,1965.0,0,21.0,1,0,0,18000,0,18000
1,,1980.0,0,16.0,1,0,0,3323,0,3323
1,,,1,32.0,1,0,0,14400,0,19400
1,,,0,27.0,1,3,0,78000,0,78000
1,1974.0,1974.0,0,27.0,1,2,0,43000,0,43000
0,1976.0,1977.0,0,20.0,1,0,0,40000,0,40000
1,1981.0,1978.0,0,18.0,7,0,0,7700,0,7700
1,1979.0,1975.0,0,16.0,7,0,0,1620,0,1620
0,1970.0,1973.0,0,19.0,7,0,0,4453,0,4453
0,1973.0,1972.0,0,21.0,7,0,0,6000,0,6000
0,1973.0,1970.0,1,20.0,1,0,0,20000,0,20000
0,1977.0,1977.0,0,20.0,1,0,0,31500,0,31500
1,,,0,26.0,1,2,0,14400,0,14400
1,1966.0,,0,30.0,1,3,0,45000,0,45000
1,1984.0,1981.0,0,19.0,7,0,0,27000,0,27000
1,1976.0,1967.0,0,23.0,7,1,0,10920,0,10920
1,1976.0,1967.0,0,19.0,7,1,0,22532,0,22532
1,1959.0,1952.0,0,28.0,7,0,0,7680,0,7680
1,1972.0,1971.0,0,18.0,1,0,0,15000,0,15000
0,1954.0,1949.0,0,48.0,1,0,17500,17500,17500,35000
1,1970.0,1970.0,0,24.0,1,2,0,19800,0,19800
1,1975.0,1973.0,0,23.0,1,0,0,13300,0,13300
1,1974.0,1973.0,0,17.0,7,0,0,5000,0,5000
0,1970.0,1971.0,0,20.0,7,0,0,3500,0,3500
0,1970.0,1971.0,0,18.0,7,0,0,1000,0,1000
1,1974.0,1974.0,0,18.0,7,0,0,1000,0,1000
0,1961.0,1955.0,0,34.0,9,0,0,3500,0,3500
0,1971.0,1966.0,0,26.0,1,0,0,14400,0,14400
0,1981.0,1977.0,0,22.0,1,0,0,7200,0,7200
1,1983.0,,0,17.0,7,0,0,2500,0,2500
1,1984.0,1983.0,0,17.0,1,0,0,3000,0,3000
1,1931.0,1929.0,1,68.0,4,0,0,0,250,250
1,1966.0,1964.0,0,35.0,1,0,0,38000,0,38000
1,1972.0,1970.0,0,24.0,1,0,0,8000,0,8000
1,1979.0,,0,25.0,1,0,0,33600,0,33600
0,1971.0,1964.0,0,19.0,1,0,0,45500,0,45500
1,1971.0,1968.0,0,18.0,7,0,0,1000,0,1000
1,1974.0,1963.0,0,18.0,7,0,0,3800,0,3800
0,1971.0,1960.0,0,19.0,7,0,0,10640,0,10640
1,1971.0,1960.0,0,17.0,7,0,0,900,0,900
0,1980.0,1979.0,0,19.0,1,0,0,7800,0,7800
1,1980.0,1979.0,0,18.0,1,0,0,2500,0,2500
0,,,0,38.0,9,0,7500,7500,7500,15000
1,,,0,90.0,4,0,0,0,0,32000
0,1974.0,1975.0,0,22.0,1,0,0,50000,0,50000
0,,,1,35.0,1,0,0,14400,0,14400
1,,,0,26.0,9,4,0,40000,0,40000
1,1971.0,1969.0,0,24.0,7,2,0,27000,0,27000
1,1971.0,1969.0,0,22.0,1,2,0,14400,0,14400
1,1976.0,1976.0,0,19.0,1,0,0,13000,0,13000
1,,,0,54.0,1,0,0,14400,0,14400
1,,,0,20.0,7,0,0,5403,0,5403
1,1968.0,1965.0,0,22.0,1,0,0,63180,0,63180
0,,1974.0,0,27.0,1,0,0,40000,0,40000
1,1969.0,1966.0,0,26.0,1,2,0,20000,0,20000
0,1967.0,1962.0,0,29.0,6,0,0,1800,0,1800
0,,,0,37.0,2,2,0,52000,0,52000
0,,,1,47.0,3,2,0,25000,0,25000
1,1954.0,1944.0,0,46.0,1,0,0,14400,0,14400
0,1959.0,1962.0,0,31.0,1,1,0,54000,0,54000
1,1967.0,1973.0,0,20.0,1,0,0,39000,0,39000
0,1975.0,1973.0,0,21.0,1,0,0,30000,0,30000
0,1975.0,1973.0,0,18.0,1,0,0,6500,0,6500
0,,,1,36.0,9,1,0,14400,0,14400
1,1976.0,1974.0,0,34.0,3,0,0,2500,0,2500
0,1976.0,,0,26.0,7,0,0,65000,0,65000
1,,,1,31.0,1,0,0,18000,0,18000
1,1991.0,,0,15.0,0,0,0,1038,0,1038
0,1984.0,,0,19.0,1,0,0,27600,0,27600
1,,,0,56.0,1,0,0,20000,0,20000
0,,,1,78.0,1,0,0,54000,0,54000
0,,,0,25.0,1,2,0,17000,0,17000
0,1962.0,1956.0,0,34.0,1,0,0,43000,0,43000
1,1962.0,1956.0,0,32.0,3,0,0,75000,0,75000
0,1986.0,1986.0,0,18.0,1,0,0,19000,0,19000
0,1986.0,1986.0,0,16.0,3,0,0,1800,0,1800
0,,,0,17.0,7,0,0,1200,0,1200
0,,,0,37.0,1,0,0,35080,0,35080
0,1970.0,,0,17.0,1,0,0,6800,0,6800
1,1977.0,1974.0,0,22.0,1,0,0,43000,0,43000
1,1978.0,,0,18.0,7,0,0,2640,0,2640
1,1965.0,,0,27.0,1,0,0,14400,0,14400
1,1984.0,,0,20.0,3,0,0,3360,0,3360
1,1977.0,1975.0,0,21.0,7,0,0,18000,0,18000
1,1983.0,1971.0,0,18.0,1,0,0,14400,0,14400
1,1983.0,1971.0,0,16.0,7,0,0,14400,0,14400
0,1961.0,1956.0,0,26.0,1,0,0,78000,0,78000
0,1966.0,1968.0,0,25.0,1,0,0,720,0,720
0,1966.0,1968.0,0,27.0,1,0,0,31200,0,31200
0,1973.0,1964.0,0,23.0,1,0,0,24000,0,24000
0,1973.0,1964.0,0,21.0,1,0,0,17504,0,17504
0,1970.0,1963.0,1,31.0,1,0,0,14400,0,14400
1,,,1,24.0,1,0,0,14400,0,14400
0,1948.0,,0,51.0,1,0,0,14400,0,14400
1,1965.0,,0,27.0,1,0,0,42000,0,42000
0,1977.0,1975.0,0,20.0,1,0,0,3600,0,3600
1,1987.0,,0,20.0,3,0,0,18000,0,18000
0,1975.0,1976.0,0,16.0,7,0,0,2000,0,2000
1,,,0,72.0,1,0,0,15000,0,15000
0,,,1,42.0,1,2,0,18000,0,18000
0,1980.0,1965.0,0,19.0,1,0,0,17500,0,17500
1,,1980.0,0,16.0,1,0,0,563,0,563
1,1960.0,1961.0,1,41.0,1,0,0,14400,0,14400
0,1963.0,,0,23.0,1,0,0,19000,0,19000
0,,,1,40.0,1,0,0,14400,0,14400
1,,,0,28.0,1,0,0,10000,0,10000
1,1950.0,1945.0,0,44.0,5,0,0,60000,0,60000
0,1973.0,1973.0,0,23.0,6,0,0,3500,0,3500
0,1971.0,1970.0,0,22.0,1,0,0,30940,0,30940
0,1976.0,1972.0,0,21.0,1,0,0,14400,0,14400
0,1971.0,1970.0,0,18.0,1,0,0,31850,0,31850
1,,,0,28.0,1,2,0,37000,0,37000
0,1977.0,1976.0,0,22.0,9,0,0,14400,0,14400
0,1986.0,,0,19.0,1,0,0,18720,0,18720
1,1972.0,1972.0,0,20.0,7,0,0,5765,0,5765
1,1972.0,1972.0,0,18.0,1,0,0,7935,0,7935
0,,,0,21.0,3,0,0,7500,0,7500
0,1971.0,1970.0,0,28.0,9,0,0,30,0,30
0,1980.0,1979.0,0,20.0,1,0,0,14400,0,14400
1,1978.0,1973.0,0,22.0,1,1,0,21632,0,21632
0,1965.0,1958.0,0,30.0,1,2,0,46000,0,46000
0,1968.0,1972.0,0,22.0,1,0,0,14400,0,14400
0,1968.0,1972.0,0,19.0,7,0,0,7000,0,7000
1,1979.0,1977.0,0,19.0,1,0,0,14400,0,14400
1,,,1,35.0,1,2,0,14400,0,14400
0,,,0,40.0,1,0,0,26000,0,26000
1,1953.0,1954.0,0,44.0,1,2,0,53000,0,53000
1,1975.0,1979.0,0,21.0,7,0,0,14400,0,14400
0,1980.0,1977.0,0,21.0,7,0,0,4000,0,4000
1,1975.0,1979.0,0,20.0,7,0,0,14400,0,14400
1,1981.0,1980.0,0,18.0,1,0,0,3200,0,3200
0,1958.0,1954.0,0,30.0,1,0,0,6000,0,6000
0,1964.0,1962.0,0,28.0,1,2,0,14400,0,14400
0,1964.0,1962.0,0,24.0,1,1,0,14400,0,14400
0,1974.0,1971.0,0,26.0,1,0,0,165000,0,165000
0,1979.0,1973.0,0,24.0,1,0,0,26775,0,26775
1,1978.0,1978.0,0,23.0,5,0,0,28796,0,28796
0,1972.0,1973.0,0,18.0,3,0,0,21360,0,21360
1,,,0,20.0,1,0,0,11160,0,11160
0,,,0,22.0,1,0,0,24120,0,24120
1,,,0,23.0,1,2,0,15960,0,15960
0,1977.0,,0,19.0,7,1,0,3500,0,3500
0,1988.0,1987.0,0,16.0,1,0,0,4000,0,4000
0,1974.0,1973.0,0,21.0,1,0,0,48755,0,48755
0,1974.0,1973.0,0,18.0,1,0,0,11000,0,11000
1,1979.0,1980.0,0,19.0,7,0,0,13065,0,13065
0,1974.0,1973.0,0,16.0,7,0,0,2500,0,2500
1,1979.0,1980.0,0,17.0,7,0,0,5000,0,5000
1,1981.0,1978.0,0,15.0,0,0,0,900,0,900
0,1955.0,1953.0,0,33.0,1,2,0,60000,0,76800
1,1973.0,1976.0,0,20.0,1,0,0,23100,0,23100
1,1980.0,1980.0,0,22.0,1,0,0,18000,0,18000
1,1977.0,1976.0,0,19.0,7,0,0,5850,0,5850
1,1973.0,1976.0,0,16.0,7,0,0,5760,0,5760
1,1977.0,1976.0,0,16.0,7,0,0,6924,0,6924
0,1978.0,1978.0,0,17.0,7,0,0,2077,0,2077
0,1982.0,1981.0,0,16.0,7,0,0,5800,0,5800
1,1976.0,1974.0,0,15.0,0,0,0,6000,0,6000
1,1978.0,1978.0,0,15.0,0,0,0,162,0,162
1,1971.0,1968.0,0,26.0,1,0,0,29982,0,29982
0,1966.0,1966.0,0,22.0,1,0,0,58000,0,58000
1,1967.0,1961.0,0,19.0,7,1,0,14400,0,14400
1,1967.0,1961.0,0,18.0,1,0,0,18000,0,18000
1,1971.0,1968.0,0,20.0,1,4,0,14400,0,14400
1,1967.0,1961.0,0,16.0,1,0,0,14400,0,14400
0,1967.0,1961.0,0,15.0,0,0,0,14400,0,14400
1,,,0,23.0,9,0,0,33280,0,33280
0,1970.0,1969.0,0,25.0,1,2,0,18000,0,18000
0,1970.0,1969.0,0,19.0,7,0,0,18000,0,18000
0,,,1,37.0,1,4,0,70000,0,70000
1,1976.0,,0,19.0,7,0,0,2880,0,2880
1,1963.0,1965.0,0,30.0,1,2,0,48000,0,48000
0,1963.0,1965.0,0,24.0,1,0,0,26442,0,26442
0,1973.0,1977.0,0,24.0,1,0,0,40000,0,40000
0,1982.0,1982.0,0,14.0,0,0,0,5000,0,5000
1,1973.0,1972.0,0,23.0,1,2,0,2000,0,2000
1,1973.0,1972.0,0,20.0,3,0,0,1520,0,1520
1,1983.0,,0,18.0,7,0,0,12480,0,12480
1,1978.0,1969.0,0,23.0,1,0,0,22000,0,22000
0,1973.0,1971.0,0,22.0,1,0,0,54600,0,54600
0,1966.0,1956.0,0,26.0,1,0,0,19000,0,19000
0,1965.0,1957.0,1,39.0,1,0,0,14400,0,14400
0,1973.0,,0,29.0,1,0,0,23400,0,23400
1,1966.0,1979.0,0,20.0,7,1,0,6000,0,6000
0,1982.0,1983.0,0,16.0,7,0,0,2000,0,2000
0,1982.0,,0,20.0,1,0,0,14400,0,14400
0,,,0,39.0,1,0,0,14400,0,14400
1,1971.0,,0,25.0,1,0,0,10150,0,10150
0,1949.0,,0,41.0,1,0,0,14400,0,14400
0,1982.0,1979.0,0,21.0,3,0,0,38000,0,38000
1,1969.0,1967.0,0,18.0,7,0,0,14400,0,14400
0,1980.0,,0,23.0,1,0,0,14400,0,14400
1,1981.0,,0,19.0,1,0,0,18003,0,18003
1,,,0,22.0,3,0,0,28000,0,28000
1,1982.0,1981.0,0,20.0,3,0,0,5520,0,5520
1,,,0,18.0,3,0,0,5160,0,5160
0,,,1,85.0,4,0,0,0,100,100
0,1980.0,1978.0,0,24.0,1,0,0,24000,0,24000
1,1980.0,1978.0,0,22.0,1,0,0,12000,0,12000
0,1982.0,1980.0,0,19.0,1,0,0,7500,0,7500
1,1986.0,1985.0,0,19.0,1,0,0,20160,0,20160
0,1982.0,1980.0,0,17.0,1,0,0,14400,0,14400
1,1973.0,,0,20.0,1,0,0,35360,0,35360
1,1977.0,1971.0,0,21.0,1,0,0,14400,0,14400
0,1977.0,1971.0,0,19.0,1,0,0,2000,0,2000
1,,,0,56.0,1,0,0,32000,0,32000
0,1980.0,1977.0,0,22.0,1,0,0,20000,0,20000
0,,,1,63.0,4,0,0,5539,0,5539
0,1966.0,1965.0,0,24.0,1,0,0,14400,0,14400
1,1963.0,,0,34.0,1,0,0,1300,0,1300
0,,,0,,1,0,0,110000,0,110000
0,1973.0,1973.0,0,19.0,1,0,0,2160,0,2160
1,1963.0,1963.0,0,33.0,1,4,0,14400,0,14400
1,1980.0,1978.0,0,19.0,1,0,0,5000,0,5000
1,,,0,69.0,1,0,0,14400,0,14400
1,1941.0,1942.0,0,40.0,1,1,0,48000,0,48000
0,1966.0,1965.0,0,17.0,7,0,0,7200,0,7200
0,1962.0,1962.0,0,34.0,1,0,0,14400,0,14400
0,1962.0,1962.0,0,34.0,1,0,0,14400,0,14400
1,1983.0,1982.0,0,18.0,1,0,0,5000,0,5000
0,1958.0,1961.0,0,33.0,6,0,0,4366,0,5704
1,1965.0,1958.0,0,19.0,7,0,0,400,0,400
0,1974.0,1977.0,0,20.0,1,0,0,7200,0,7200
0,1974.0,1977.0,0,17.0,1,0,0,10800,0,10800
1,1971.0,1967.0,0,17.0,7,0,0,3980,0,3980
0,,,0,36.0,1,0,0,60000,0,60000
1,1978.0,1977.0,0,21.0,1,0,0,16950,0,16950
1,1978.0,1977.0,0,18.0,3,0,0,14400,0,14400
1,1977.0,1974.0,0,17.0,1,0,0,700,0,700
0,,,1,22.0,1,0,0,25000,0,25000
0,1972.0,1972.0,0,29.0,1,0,0,32000,0,32000
0,1985.0,1984.0,0,19.0,1,0,0,50400,0,50400
0,1985.0,1984.0,0,17.0,1,0,0,8320,0,8320
0,,,1,38.0,1,0,0,14400,0,14400
1,,,0,79.0,4,0,0,0,0,126000
1,1981.0,1981.0,0,18.0,7,0,0,4000,0,4000
0,1981.0,1981.0,0,16.0,7,0,0,2000,0,2000
0,1981.0,,0,20.0,1,0,0,40000,0,40000
0,1988.0,,0,17.0,7,0,0,1760,0,1760
1,1983.0,1980.0,0,19.0,1,0,0,18000,0,18000
1,1981.0,1978.0,0,16.0,1,0,0,9464,0,9464
1,1983.0,1980.0,0,17.0,1,0,0,14400,0,14400
1,1981.0,1979.0,0,17.0,1,0,0,3060,0,3060
0,,,0,42.0,1,0,0,40000,0,40000
1,1975.0,1970.0,0,20.0,1,0,0,16380,0,16380
1,,,0,49.0,1,3,0,68000,0,68000
0,,,0,17.0,7,0,0,14400,0,14400
1,1980.0,1981.0,0,22.0,1,0,0,14400,0,14400
0,1980.0,1981.0,0,19.0,1,0,0,14400,0,14400
1,1932.0,1929.0,0,59.0,5,0,0,14400,0,14400
0,1971.0,1968.0,0,20.0,1,0,0,14400,0,14400
0,1974.0,1973.0,0,19.0,1,0,0,18000,0,18000
0,1961.0,1954.0,0,26.0,2,0,0,1440,0,1440
0,1969.0,1962.0,0,23.0,3,0,0,11040,0,11040
0,1969.0,1962.0,0,21.0,3,0,0,12320,0,12320
1,1980.0,,0,24.0,1,0,0,14400,0,14400
1,1959.0,1955.0,0,31.0,1,2,0,22752,0,22752
0,1968.0,1967.0,0,27.0,1,0,0,22000,0,22000
1,1975.0,1975.0,0,18.0,7,0,0,3000,0,3000
1,1983.0,1973.0,0,17.0,1,0,0,4000,0,4000
1,1983.0,1973.0,0,17.0,7,0,0,10000,0,10000
0,1985.0,1985.0,0,17.0,1,0,0,3300,0,3300
1,,,0,43.0,1,0,0,45000,0,45000
0,,,0,25.0,1,3,0,25000,0,25000
1,1951.0,1949.0,0,50.0,1,0,0,14400,0,14400
0,1972.0,,0,22.0,1,0,0,14400,0,14400
0,,1978.0,0,22.0,1,0,0,30000,0,30000
1,1974.0,,0,23.0,1,0,0,26000,0,26000
0,1970.0,1971.0,0,18.0,7,0,0,6000,0,6000
0,1948.0,1946.0,0,34.0,1,0,0,35000,0,35000
0,1961.0,1957.0,0,26.0,1,0,0,14400,0,14400
0,1962.0,,0,32.0,3,0,0,352,0,352
1,1988.0,1984.0,0,18.0,1,0,0,14400,0,14400
1,1973.0,1974.0,0,18.0,7,0,0,1500,0,1500
0,1969.0,1968.0,0,19.0,7,0,0,11250,0,11250
0,1969.0,1968.0,0,18.0,7,0,0,9216,0,9216
0,1969.0,1968.0,0,15.0,0,0,0,25200,0,25200
0,1969.0,1970.0,0,29.0,3,2,0,14400,0,14400
1,,1951.0,0,27.0,1,0,0,14400,0,14400
0,1959.0,,0,28.0,1,0,0,50000,0,50000
0,1959.0,,0,23.0,1,0,0,65000,0,65000
0,1959.0,1958.0,1,36.0,1,0,0,79000,0,79000
1,,,0,60.0,1,0,0,14400,0,14400
0,,,0,63.0,2,0,0,14400,0,14400
1,1958.0,1954.0,0,31.0,1,3,0,14400,0,14400
0,1943.0,,0,63.0,1,0,0,14400,0,14400
1,1943.0,,0,59.0,1,0,0,14400,0,14400
1,1961.0,,0,22.0,1,0,0,6855,0,6855
0,1939.0,,0,64.0,1,0,0,14400,0,14400
0,1964.0,1962.0,0,36.0,1,0,0,26000,0,26000
0,1964.0,1962.0,0,23.0,3,0,0,10798,0,10798
0,1972.0,1974.0,0,19.0,7,0,0,3000,0,3000
1,1966.0,1967.0,0,27.0,1,2,0,40000,0,40000
1,1966.0,1967.0,0,23.0,1,0,0,20000,0,20000
0,1973.0,1948.0,0,21.0,1,3,0,21415,0,21415
1,1970.0,1969.0,0,30.0,1,0,0,14400,0,14400
1,1970.0,1969.0,0,28.0,1,0,0,14400,0,14400
1,,,0,75.0,4,0,0,4000,0,4000
0,,,0,33.0,1,0,0,35000,0,35000
0,1964.0,,0,39.0,1,0,0,14400,0,14400
0,1964.0,,0,26.0,1,0,0,14400,0,14400
1,1989.0,,0,17.0,6,0,0,2160,0,2160
0,,1962.0,0,32.0,1,2,0,56000,0,56000
0,1962.0,1962.0,0,26.0,3,4,0,14400,0,14400
0,,,0,28.0,1,2,0,50000,0,50000
0,1977.0,1966.0,0,31.0,1,0,0,104000,0,104000
0,1958.0,,1,32.0,1,0,0,70000,0,70000
1,1958.0,,0,29.0,1,0,0,50000,0,50000
0,1958.0,,1,46.0,1,0,0,50000,0,50000
1,,,1,35.0,1,2,0,50000,0,50000
1,,,1,29.0,1,0,0,50000,0,50000
0,1960.0,1965.0,0,27.0,1,0,0,39520,0,39520
1,1960.0,,0,37.0,1,0,0,15000,0,15000
0,1964.0,,0,30.0,1,2,0,54080,850,54930
0,1939.0,1935.0,0,53.0,1,0,0,100000,0,100000
1,1967.0,1968.0,0,28.0,1,0,0,14400,0,14400
0,,,0,59.0,1,0,0,14400,0,14400
0,1971.0,,0,26.0,1,0,0,20000,0,20000
1,1961.0,,0,39.0,1,0,0,30000,0,30000
0,1980.0,1966.0,0,26.0,1,0,0,14400,0,14400
1,1980.0,1966.0,0,24.0,1,0,0,14400,0,14400
1,1968.0,1970.0,0,21.0,1,0,0,31200,0,31200
0,1973.0,1977.0,0,21.0,1,0,0,20000,0,20000
1,,,0,48.0,1,0,0,14400,0,14400
1,,,0,25.0,1,0,0,14400,0,14400
1,1955.0,1951.0,0,29.0,1,2,0,70000,0,70000
0,,1940.0,0,35.0,1,0,0,14400,0,14400
1,1976.0,1974.0,0,19.0,1,0,0,4640,0,4640
1,,1967.0,0,25.0,1,0,0,7040,0,7040
1,1965.0,1965.0,0,30.0,1,3,0,30000,0,30000
0,1965.0,1965.0,0,24.0,3,0,0,22000,0,22000
0,1981.0,,0,23.0,1,0,0,14400,0,14400
0,1963.0,1957.0,0,30.0,1,0,0,14400,0,14400
1,1950.0,,1,48.0,1,2,0,14400,0,14400
0,1975.0,1973.0,0,19.0,1,0,0,14400,0,14400
0,1975.0,1973.0,0,18.0,1,0,0,14400,0,14400
0,,,1,50.0,1,0,0,14400,0,14400
0,1965.0,1965.0,0,27.0,3,0,0,16800,0,16800
1,1965.0,1965.0,0,25.0,7,0,0,1800,0,1800
1,,,0,27.0,1,1,0,38996,0,38996
1,1971.0,1961.0,0,24.0,3,0,0,8000,0,8000
1,1987.0,1983.0,0,19.0,7,0,0,1400,0,1400
0,,,0,,1,0,0,14400,0,14400
0,1978.0,,0,21.0,1,0,0,14493,0,14493
0,1968.0,1972.0,0,19.0,1,0,0,18000,0,18000
0,1968.0,1972.0,0,17.0,1,0,0,14400,0,14400
0,1980.0,1977.0,0,17.0,7,0,0,500,0,500
0,1961.0,1964.0,0,26.0,1,0,0,14400,0,14400
0,1965.0,1965.0,1,30.0,1,0,0,14400,0,14400
1,1965.0,1965.0,0,28.0,1,0,0,41600,0,41600
0,1960.0,1961.0,0,36.0,3,0,0,37000,0,37000
0,1982.0,1983.0,0,19.0,1,0,0,10800,0,10800
1,1969.0,,0,20.0,1,0,0,20000,0,20000
1,1968.0,1966.0,0,30.0,1,0,0,14400,0,14400
0,1968.0,1966.0,0,23.0,1,0,0,14400,0,14400
1,1968.0,1966.0,0,21.0,1,0,0,14400,0,14400
0,,,1,66.0,4,0,0,14400,0,14400
1,,,1,65.0,2,0,0,14400,0,14400
0,1957.0,1956.0,0,32.0,1,2,0,14400,0,14400
1,,,0,57.0,1,0,0,70000,0,118000
0,1966.0,,0,17.0,7,0,0,1000,0,1000
0,1964.0,1963.0,0,30.0,1,3,0,14400,0,14400
1,1942.0,1934.0,0,49.0,1,0,0,14400,0,14400
1,1974.0,,0,21.0,7,0,0,14400,0,14400
1,,1972.0,0,18.0,1,0,0,6000,0,6000
0,1971.0,1966.0,0,32.0,1,0,0,40000,0,40000
1,1962.0,1964.0,0,32.0,1,2,0,50000,0,50000
0,1971.0,1969.0,0,26.0,1,0,0,18000,0,18000
1,1962.0,1959.0,0,28.0,1,1,0,14400,0,14400
0,,,0,23.0,1,0,0,24960,0,24960
0,1957.0,1954.0,0,32.0,9,0,0,14400,0,14400
1,1984.0,,0,21.0,1,0,0,10000,0,10000
0,1984.0,,0,19.0,1,0,0,4000,0,4000
1,,,0,40.0,1,0,0,60000,0,60000
0,1977.0,,0,22.0,1,0,0,14400,0,14400
0,,,0,40.0,1,1,0,34000,0,34000
1,,,0,25.0,9,0,0,13000,0,13000
1,1963.0,1963.0,0,29.0,1,2,0,40000,0,40000
1,1963.0,1963.0,0,27.0,1,0,0,30000,0,30000
1,1970.0,1969.0,0,21.0,1,0,0,14000,0,14000
0,1970.0,1969.0,0,18.0,1,0,0,9000,0,9000
0,1975.0,1972.0,0,17.0,7,0,0,0,1500,1500
0,1983.0,,0,21.0,7,0,0,14400,0,14400
0,1967.0,1952.0,0,30.0,1,0,0,17000,0,17000
0,1976.0,1971.0,0,19.0,1,0,0,3462,0,3462
0,1947.0,,1,45.0,1,0,0,22400,0,22400
0,1979.0,1978.0,0,23.0,1,0,0,14400,0,14400
1,1985.0,1981.0,0,18.0,1,0,0,12000,0,12000
1,1978.0,,0,26.0,1,1,0,14400,0,14400
0,1975.0,,0,22.0,1,0,0,18000,0,18000
1,1963.0,1957.0,1,31.0,1,0,0,75000,0,75000
0,1963.0,1957.0,1,29.0,1,2,0,80000,0,80000
0,,,1,33.0,1,2,0,75000,0,75000
1,,,1,29.0,1,2,0,27694,0,27694
0,,1959.0,0,36.0,1,2,0,120000,0,120000
0,,1980.0,0,22.0,1,0,0,31824,0,31824
0,,,0,59.0,1,0,0,14400,0,14400
0,1978.0,1978.0,0,25.0,1,0,0,20400,0,20400
0,1966.0,1949.0,0,35.0,1,0,0,14400,0,14400
0,1966.0,1949.0,0,32.0,1,2,0,14400,0,14400
1,1945.0,,0,56.0,1,0,0,14400,0,14400
1,,,0,60.0,1,0,0,56000,0,56000
0,,,0,59.0,1,0,0,28000,0,28000
0,,,0,38.0,1,4,0,30000,0,30000
1,,1944.0,1,44.0,1,0,0,24000,0,24000
0,1977.0,1979.0,0,19.0,1,0,0,4000,0,4000
0,,,0,44.0,1,0,0,52000,0,52000
1,1963.0,,0,22.0,1,0,0,20000,0,20000
0,1975.0,1973.0,0,21.0,1,0,0,58000,0,58000
1,1975.0,1973.0,0,18.0,7,0,0,15000,0,15000
0,,,0,29.0,1,2,0,14400,0,14400
1,1966.0,1965.0,0,21.0,1,0,0,17000,0,17000
0,1960.0,1967.0,0,26.0,1,4,0,30000,0,30000
1,1960.0,,0,41.0,1,0,0,22000,0,22000
0,1968.0,1966.0,0,25.0,3,2,0,14400,0,14400
0,1966.0,1955.0,0,28.0,1,2,0,37800,0,37800
1,1980.0,1976.0,0,21.0,7,0,0,1200,0,1200
0,1980.0,1976.0,0,20.0,7,0,0,1200,0,1200
1,1971.0,1974.0,0,22.0,1,4,0,15000,0,15000
1,1961.0,1966.0,0,21.0,1,0,0,12000,0,12000
0,1970.0,1972.0,0,20.0,1,0,0,1000,0,1000
0,1977.0,1968.0,0,21.0,1,1,0,14400,0,14400
1,,,1,41.0,1,0,0,14400,0,14400
1,1989.0,,0,18.0,1,0,0,4000,0,4000
1,1944.0,,0,61.0,1,0,0,14400,0,14400
1,,,0,37.0,1,2,0,14400,0,14400
0,,,0,25.0,1,0,0,14400,0,14400
0,1980.0,1980.0,0,22.0,7,0,0,10000,0,10000
1,1980.0,1976.0,0,21.0,1,0,0,14400,0,14400
1,1988.0,,0,18.0,1,0,0,1100,0,1100
0,,,0,64.0,1,0,0,14400,0,14400
0,1955.0,,0,33.0,1,0,0,19197,0,19197
1,1972.0,1969.0,0,20.0,3,0,0,4000,0,4000
0,1963.0,1960.0,0,39.0,1,0,0,14400,0,14400
1,1963.0,1960.0,0,29.0,1,0,0,14400,0,14400
1,1968.0,,0,31.0,1,0,0,50000,0,50000
1,1968.0,1967.0,0,24.0,1,0,0,25000,0,25000
1,1989.0,,0,20.0,3,0,0,15000,0,15000
0,1979.0,1978.0,0,21.0,1,0,0,14400,0,14400
0,,,0,33.0,9,2,0,14400,0,14400
1,1969.0,1963.0,0,22.0,1,1,0,3000,0,3000
0,1980.0,1979.0,0,19.0,1,0,0,3692,0,3692
0,1994.0,,0,8.0,0,0,0,80000,0,80000
1,1964.0,1962.0,0,34.0,1,0,0,40000,0,40000
0,1982.0,1978.0,0,20.0,7,4,0,14400,0,14400
1,1959.0,1957.0,0,30.0,1,0,0,14400,0,14400
1,,,0,54.0,1,0,0,125000,0,125000
0,1974.0,1962.0,0,18.0,7,0,0,92,0,92
0,1963.0,1962.0,0,31.0,1,0,0,14400,0,14400
0,1958.0,,0,26.0,1,0,0,25000,0,25000
1,1953.0,1953.0,0,42.0,1,0,0,12000,0,12000
0,,,0,57.0,1,0,0,50000,0,50000
1,1978.0,1977.0,0,21.0,9,0,0,23920,0,23920
1,1983.0,1981.0,0,18.0,7,1,0,4950,0,4950
0,1973.0,,0,29.0,3,1,0,14400,0,14400
0,1952.0,1949.0,0,38.0,1,0,0,14400,0,14400
1,1955.0,1958.0,0,42.0,1,4,0,120000,0,120000
0,,,0,22.0,7,0,0,6000,0,6000
1,,1978.0,0,26.0,3,2,0,14400,0,14400
0,1977.0,1968.0,0,25.0,1,0,0,14400,0,14400
1,1977.0,1968.0,0,23.0,7,0,0,40000,0,40000
1,1966.0,1963.0,0,23.0,1,0,0,14400,0,14400
1,1975.0,1974.0,0,23.0,1,1,0,35000,0,35000
0,,,1,63.0,0,0,0,18300,0,18300
0,1962.0,1959.0,0,28.0,9,0,0,3500,0,3500
0,1972.0,1966.0,0,21.0,1,0,0,30000,0,30000
1,,1957.0,0,26.0,1,1,0,14400,0,14400
0,1978.0,1977.0,0,24.0,1,0,0,14400,0,14400
1,1966.0,1965.0,0,30.0,1,3,0,14400,0,14400
1,1964.0,1964.0,0,26.0,1,2,0,14400,0,14400
0,1964.0,1964.0,0,21.0,1,0,0,10000,0,10000
1,1973.0,1967.0,0,23.0,1,0,0,21200,0,21200
0,1973.0,1967.0,0,19.0,1,0,0,10500,0,10500
1,1974.0,1972.0,0,30.0,1,0,0,1920,0,1920
1,1967.0,1962.0,0,25.0,1,0,0,11078,0,11078
1,1959.0,1964.0,0,38.0,1,0,0,14400,0,14400
1,1962.0,1960.0,1,41.0,1,4,0,14400,0,14400
0,,,1,39.0,1,0,0,30000,0,30000
1,1965.0,1966.0,0,29.0,1,0,0,48000,0,48000
0,,,0,21.0,1,0,0,35000,0,35000
0,1971.0,1969.0,0,27.0,3,1,0,14400,0,14400
1,1978.0,1976.0,0,18.0,7,0,0,5000,0,5000
1,,,0,53.0,1,0,0,14400,0,14400
0,1959.0,1957.0,0,31.0,1,0,0,14400,0,14400
1,,,1,33.0,1,0,0,14400,0,14400
0,,,1,37.0,1,0,0,9720,0,9720
1,1983.0,,0,23.0,1,0,0,14400,0,14400
0,1956.0,1948.0,0,39.0,1,2,0,14400,0,14400
0,1956.0,1948.0,0,30.0,1,2,0,14400,0,14400
1,,1955.0,0,32.0,1,0,0,14400,0,14400
0,1970.0,1968.0,0,26.0,1,0,0,23000,0,23000
0,1982.0,1982.0,0,23.0,1,0,0,24960,0,24960
0,1971.0,,0,29.0,1,0,0,36400,0,36400
0,1971.0,,0,23.0,1,0,0,24000,0,24000
1,1971.0,,0,22.0,1,0,0,3000,0,3000
1,1956.0,1953.0,1,32.0,1,2,0,14400,0,14400
1,1977.0,1972.0,0,17.0,7,0,0,2000,0,2000
0,1977.0,1972.0,0,16.0,7,0,0,2000,0,2000
0,,,1,34.0,1,0,0,14400,0,14400
0,1979.0,1981.0,0,18.0,1,0,0,25300,0,25300
1,1977.0,1980.0,0,17.0,1,0,0,7000,0,7000
1,1960.0,1952.0,0,34.0,7,0,0,9229,0,9229
0,,1968.0,0,27.0,1,0,0,14400,0,14400
0,,1968.0,0,21.0,7,0,0,14400,0,14400
1,,,0,63.0,1,0,0,32000,0,32000
0,1985.0,,0,17.0,7,0,0,1200,0,1200
1,1950.0,,0,46.0,1,0,0,14400,0,14400
0,,1980.0,0,19.0,1,0,0,18000,0,18000
0,,1980.0,0,24.0,1,0,0,26000,0,26000
0,1980.0,1973.0,0,22.0,1,0,0,16000,0,16000
0,1976.0,1957.0,0,21.0,7,0,0,5704,0,5704
0,1965.0,1955.0,0,29.0,9,1,0,60000,0,60000
0,1980.0,1976.0,0,17.0,7,0,0,200,0,200
0,1987.0,1980.0,0,17.0,7,0,0,7000,0,7000
0,,,0,62.0,1,0,0,23000,0,23000
1,,,0,63.0,1,0,0,14000,0,14000
0,,,0,40.0,1,0,0,35000,0,35000
0,,,0,37.0,1,0,0,40000,0,40000
0,,,0,35.0,1,0,0,32000,0,32000
1,1977.0,1973.0,0,27.0,1,0,0,57591,0,57591
0,,1974.0,0,25.0,1,0,0,14400,0,14400
0,1964.0,,0,24.0,1,0,0,17000,0,17000
1,,,0,38.0,1,0,0,35000,0,35000
1,,,0,45.0,1,2,0,14400,0,14400
0,1982.0,1978.0,0,22.0,1,0,0,14400,0,14400
1,1990.0,,0,18.0,3,0,0,825,0,825
1,,,0,61.0,1,0,0,20000,0,20000
0,1981.0,1974.0,0,23.0,1,0,0,44400,0,44400
1,1981.0,1974.0,0,21.0,1,3,0,20500,0,20500
0,1981.0,1974.0,0,20.0,1,0,0,40000,0,40000
0,1992.0,1985.0,0,13.0,0,0,0,40000,0,40000
0,1981.0,1980.0,0,18.0,3,0,0,2000,0,2000
0,1981.0,,0,16.0,7,0,0,3500,0,3500
0,,,1,38.0,1,0,0,80000,0,80000
0,1973.0,1971.0,0,22.0,1,0,0,14400,0,14400
1,,,0,61.0,1,0,0,14400,0,14400
0,,,0,68.0,1,0,0,14400,0,14400
0,1978.0,,0,23.0,1,0,0,47196,0,47196
0,1978.0,,0,19.0,3,0,0,8880,0,8880
1,1974.0,1971.0,0,24.0,1,0,0,14400,0,14400
1,1978.0,1980.0,0,23.0,1,0,0,10400,0,10400
1,1978.0,1980.0,0,22.0,1,0,0,20800,0,20800
1,1982.0,1972.0,0,21.0,1,0,0,35000,0,35000
0,1964.0,1951.0,0,22.0,1,0,0,14400,0,14400
0,1982.0,1978.0,0,24.0,1,0,0,26400,0,26400
0,1982.0,1978.0,0,20.0,1,0,0,15000,0,15000
0,1978.0,1973.0,0,19.0,7,0,0,577,0,577
0,1967.0,1963.0,0,32.0,3,0,0,14400,0,14400
1,1978.0,,0,24.0,1,1,0,14400,0,14400
0,1978.0,,0,20.0,1,0,0,14400,0,14400
1,1978.0,,0,19.0,1,0,0,14400,0,14400
0,,,0,24.0,1,0,0,14400,0,14400
0,1964.0,1959.0,0,29.0,1,2,0,70000,0,70000
0,1964.0,1959.0,0,23.0,1,0,0,40000,0,40000
0,1959.0,1953.0,0,33.0,1,0,0,17000,0,17000
0,1959.0,,1,40.0,1,0,0,70000,0,70000
1,,,1,35.0,1,0,0,43500,0,43500
1,,,0,63.0,1,0,0,28000,0,28000
1,1973.0,1972.0,0,20.0,7,0,0,1600,0,1600
0,1973.0,,0,18.0,7,0,0,2400,0,2400
1,1975.0,,1,25.0,7,2,0,300,0,300
1,1980.0,,0,21.0,1,0,0,14400,0,14400
0,1976.0,1982.0,0,19.0,1,0,0,14000,0,14000
1,1976.0,1982.0,0,17.0,1,0,0,6000,0,6000
0,1984.0,,0,19.0,1,0,0,8250,0,8250
1,,,0,35.0,2,0,0,14400,0,14400
1,1972.0,,0,24.0,3,0,0,14400,0,14400
0,1977.0,,0,24.0,1,0,0,45000,0,45000
1,,,0,72.0,1,0,0,30000,0,30000
1,1963.0,1959.0,0,39.0,1,0,0,31200,0,31200
1,1963.0,1959.0,0,29.0,3,0,0,18200,0,18200
0,1982.0,1973.0,0,22.0,1,2,0,14400,0,14400
0,1976.0,,0,25.0,1,0,0,41600,0,41600
1,1976.0,,0,21.0,1,0,0,5446,0,5446
1,1959.0,1957.0,0,32.0,1,0,0,45000,0,45000
0,1982.0,1972.0,0,20.0,7,0,0,5000,0,5000
1,1982.0,1972.0,0,17.0,1,0,0,15000,0,15000
1,1980.0,1981.0,0,20.0,1,0,0,7000,0,7000
1,,,1,37.0,9,2,0,14400,0,14400
0,1970.0,1969.0,0,26.0,1,0,0,60000,0,60000
0,1979.0,,0,25.0,1,0,0,14400,0,14400
1,1956.0,1954.0,0,38.0,1,2,0,160000,0,160000
1,1956.0,1954.0,0,33.0,1,0,0,167500,0,167500
0,,,1,43.0,2,0,0,67600,0,67600
0,1983.0,,0,22.0,1,0,0,25000,0,25000
1,1978.0,,0,24.0,3,0,0,14400,0,14400
0,1978.0,,0,21.0,3,0,0,14400,0,14400
1,,,0,64.0,4,0,0,5000,0,5000
0,1976.0,1975.0,0,26.0,1,3,0,92000,0,92000
0,1980.0,1972.0,0,21.0,1,0,0,14400,0,14400
0,1980.0,1972.0,0,18.0,1,0,0,25,0,25
0,1964.0,,0,31.0,3,0,0,27040,0,27040
0,,,0,41.0,1,0,0,50000,0,50000
0,,,0,21.0,1,0,0,25000,0,25000
1,1959.0,1953.0,1,27.0,1,0,0,45000,0,45000
0,,,1,22.0,1,0,0,50000,0,50000
1,1959.0,1953.0,1,31.0,1,0,0,14400,0,14400
0,,,1,36.0,1,0,0,60000,0,60000
0,,,1,25.0,1,0,0,65000,0,65000
0,,,0,66.0,1,0,0,14400,0,14400
0,,,0,41.0,1,3,0,100,0,100
0,,,0,45.0,1,0,0,14400,0,14400
1,,,1,44.0,1,0,0,17309,0,17309
0,1985.0,1979.0,0,18.0,1,0,0,4271,0,4271
0,1985.0,1979.0,0,17.0,7,0,0,2000,0,2000
0,1977.0,1954.0,0,23.0,1,0,0,14400,0,14400
1,1963.0,1955.0,0,33.0,1,2,0,14400,0,14400
1,,,0,42.0,1,0,0,30000,0,30000
0,,,0,22.0,1,0,0,14400,0,14400
0,1955.0,1950.0,0,41.0,1,3,0,96946,753,97699
0,,,0,42.0,1,0,0,32640,0,32640
0,1974.0,1974.0,0,24.0,1,0,0,10000,0,10000
1,,,0,52.0,4,0,0,2500,0,2500
1,1971.0,,0,31.0,1,0,0,6000,0,6000
0,1965.0,1955.0,0,19.0,1,0,0,10200,0,10200
0,,,0,20.0,1,0,0,12000,0,12000
1,1978.0,1974.0,0,23.0,1,1,0,25000,0,25000
1,1978.0,1974.0,0,21.0,3,0,0,11000,0,11000
0,1959.0,1957.0,0,33.0,3,0,0,14400,0,14400
1,,,0,57.0,1,0,0,50000,0,50000
0,1977.0,1966.0,0,24.0,1,0,0,25000,0,25000
1,1977.0,1966.0,0,22.0,1,0,0,20000,0,20000
1,1977.0,1966.0,1,19.0,1,0,0,25000,0,25000
1,1965.0,,0,26.0,1,0,0,11814,0,11814
1,,,0,36.0,9,0,0,24000,0,24000
1,1987.0,,0,18.0,7,0,0,20200,0,20200
0,1972.0,1970.0,0,22.0,1,0,0,14400,0,14400
0,1979.0,,0,19.0,1,0,0,25000,0,25000
1,1979.0,,0,17.0,1,0,0,16600,0,16600
1,1982.0,,0,21.0,7,0,250,12250,250,12500
0,1959.0,,0,25.0,1,0,0,3520,0,3520
0,1959.0,,0,36.0,1,0,0,14400,0,14400
0,1966.0,,0,27.0,1,0,0,14400,0,14400
0,1984.0,,0,21.0,6,0,0,42000,0,42000
1,1954.0,1954.0,0,40.0,1,0,0,5452,0,5452
1,1928.0,,0,77.0,4,0,0,33600,0,33600
1,1980.0,,0,18.0,1,0,0,12000,0,12000
1,,1981.0,0,17.0,1,0,0,6000,0,6000
1,,,0,23.0,9,1,0,37000,0,37000
1,1968.0,1960.0,0,26.0,1,0,0,14400,0,14400
0,1988.0,,0,18.0,7,0,0,14400,0,14400
0,1983.0,1980.0,0,15.0,0,0,0,10000,0,10000
0,1983.0,1980.0,0,18.0,1,0,0,1360,0,1360
1,1972.0,,0,22.0,1,0,0,3000,0,3000
0,1981.0,1978.0,0,19.0,3,0,0,18000,0,18000
0,,,1,33.0,9,0,0,14400,0,14400
0,1957.0,1956.0,0,22.0,7,0,0,17851,0,17851
1,1982.0,,0,21.0,9,0,0,3800,0,3800
0,1976.0,,0,22.0,9,0,0,26624,0,26624
1,1982.0,,0,19.0,9,0,0,3200,0,3200
1,1983.0,1981.0,0,20.0,3,0,0,3250,0,3250
0,1983.0,,0,23.0,1,0,0,6000,0,6000
0,1983.0,,0,22.0,1,0,0,2310,0,2310
0,1978.0,,0,25.0,3,0,0,24000,0,24000
0,1983.0,,0,22.0,1,0,0,14400,0,14400
0,1976.0,,0,21.0,3,0,0,8640,0,8640
1,1983.0,,0,19.0,3,0,0,6000,0,6000
0,1976.0,,0,16.0,3,0,0,3800,0,3800
1,1972.0,,0,23.0,3,0,0,14400,0,14400
1,1972.0,,0,21.0,1,0,0,14400,0,14400
0,1975.0,1973.0,0,17.0,1,0,0,7600,0,7600
0,1976.0,1972.0,0,29.0,1,0,0,30000,0,30000
0,1972.0,,0,33.0,1,0,0,14400,0,14400
0,1972.0,,0,30.0,1,0,0,18000,0,18000
1,1977.0,,0,28.0,1,0,0,21840,0,21840
0,1963.0,1962.0,0,28.0,1,0,5000,5000,5000,10000
1,1983.0,,0,21.0,1,0,0,18900,0,18900
1,1976.0,,0,17.0,1,0,0,6500,0,6500
0,1979.0,,0,26.0,1,0,0,33000,0,33000
0,1964.0,1958.0,0,23.0,1,0,0,24000,0,24000
1,1978.0,,0,28.0,3,1,0,23000,0,23000
0,1978.0,1972.0,0,24.0,1,0,0,78000,0,78000
1,,,1,62.0,1,0,0,70000,0,70000
0,,,1,68.0,1,0,0,120000,0,120000
1,1975.0,,0,23.0,3,0,0,5000,0,5000
1,1981.0,,0,22.0,9,0,0,20200,0,20200
1,1981.0,,0,20.0,3,0,0,14400,0,14400
0,1978.0,,0,22.0,1,0,0,18000,0,18000
0,1983.0,,0,22.0,3,0,0,7000,0,7000
1,1983.0,,0,20.0,1,0,0,16629,0,16629
0,1983.0,,0,21.0,3,0,0,2400,0,2400
0,1983.0,,0,18.0,6,0,0,2363,0,2363
1,1976.0,1974.0,0,17.0,7,0,0,6000,0,6000
0,1976.0,1970.0,0,30.0,1,0,0,14400,0,14400
0,1976.0,1970.0,0,27.0,1,0,0,14400,0,14400
0,1976.0,,0,26.0,1,2,0,14400,0,14400
0,1976.0,,0,25.0,1,0,0,14400,0,14400
0,1954.0,,0,27.0,1,0,0,14400,0,14400
1,1971.0,1972.0,0,22.0,3,0,0,12000,0,12000
0,1971.0,1947.0,0,22.0,3,0,0,18000,0,18000
1,1976.0,1973.0,0,19.0,7,0,0,3000,0,3000
0,1960.0,1957.0,0,41.0,1,2,0,14400,0,14400
1,1977.0,,0,22.0,1,0,0,25000,0,25000
1,1977.0,1980.0,0,19.0,1,0,0,8240,0,8240
1,1956.0,1955.0,0,37.0,1,0,0,12950,0,12950
0,1970.0,1969.0,0,24.0,1,0,0,66640,0,66640
0,1973.0,1971.0,0,25.0,1,0,0,14400,0,14400
0,1962.0,,0,38.0,1,0,0,14400,0,14400
1,,,0,53.0,1,0,0,2028,0,2028
0,1983.0,1979.0,0,21.0,1,0,0,10000,0,10000
1,1983.0,,0,19.0,1,0,0,6685,0,6685
0,1973.0,,0,21.0,9,0,0,18000,0,18000
1,1964.0,1962.0,0,28.0,1,3,0,14400,0,14400
0,,,1,33.0,1,0,0,14400,0,14400
1,1967.0,,0,29.0,1,0,0,14400,0,14400
0,1979.0,1978.0,0,22.0,1,1,0,8000,0,8000
0,1971.0,1968.0,0,33.0,0,0,0,14400,0,14400
0,1962.0,,0,29.0,1,2,0,25000,0,25000
0,,,0,23.0,1,0,0,33280,0,33280
0,1953.0,,0,35.0,3,0,0,884,0,884
1,1959.0,1958.0,0,33.0,1,0,0,18000,0,18000
0,1985.0,,0,24.0,3,0,0,14400,0,14400
1,1979.0,,0,20.0,3,0,0,17000,0,17000
1,1989.0,,0,18.0,1,0,0,14400,0,14400
0,1964.0,,0,20.0,1,0,0,2900,0,2900
1,1979.0,1979.0,0,19.0,7,0,0,11000,0,11000
0,1987.0,1986.0,0,18.0,7,0,0,11700,0,11700
1,,,0,21.0,1,1,0,50000,0,50000
0,,,1,50.0,9,0,0,14400,0,14400
0,1987.0,1986.0,0,17.0,1,0,0,12000,0,12000
0,,,0,39.0,1,0,0,14400,0,14400
1,,1986.0,0,19.0,3,0,0,16000,0,16000
0,1955.0,,0,44.0,6,0,0,14400,0,14400
0,1958.0,,0,37.0,1,0,0,14400,0,14400
1,,,0,26.0,7,0,0,14400,0,14400
0,1954.0,,0,36.0,3,0,0,20400,0,20400
0,1975.0,1972.0,0,19.0,7,0,0,700,0,700
0,1961.0,,0,25.0,1,0,0,14400,0,14400
0,1954.0,1952.0,0,43.0,3,0,0,6000,0,6000
1,1962.0,1961.0,0,33.0,1,0,0,4320,0,4320
0,1962.0,1961.0,0,31.0,3,0,0,14401,0,14401
0,1970.0,,0,27.0,3,0,0,20200,0,20200
0,1990.0,,0,17.0,1,0,0,14040,0,14040
1,,,0,39.0,1,0,0,18000,0,18000
1,1983.0,,0,20.0,3,0,0,20200,0,20200
0,1944.0,,1,55.0,4,0,0,10000,0,10000
0,1967.0,1968.0,1,31.0,6,2,0,36288,0,36288
1,1978.0,1977.0,0,22.0,7,0,0,20000,0,20000
1,,1927.0,0,72.0,4,0,0,525,0,525
0,1964.0,1970.0,0,28.0,1,0,0,14400,0,14400
0,1976.0,1971.0,0,20.0,1,0,0,50960,0,50960
1,1917.0,,0,72.0,4,0,0,14400,0,14400
1,1967.0,,0,33.0,1,0,0,14400,0,14400
0,1959.0,1958.0,0,28.0,1,0,0,51800,0,51800
0,1975.0,1978.0,0,22.0,1,0,0,30400,0,30400
1,1962.0,,0,35.0,7,0,0,1500,0,1500
1,1982.0,,0,17.0,7,0,0,3500,0,3500
0,1978.0,,0,23.0,1,0,0,24120,0,24120
0,1978.0,1983.0,0,19.0,3,0,0,3000,0,3000
1,1978.0,,0,19.0,7,0,0,18000,0,18000
0,1958.0,1954.0,0,36.0,1,0,0,14400,0,14400
1,,,1,48.0,9,3,0,14400,0,14400
0,1988.0,1988.0,0,18.0,1,0,0,18000,0,18000
1,1969.0,,0,21.0,1,0,1500,1500,1500,3000
1,1933.0,,0,73.0,1,0,0,14400,0,14400
1,,,0,47.0,1,0,0,74880,0,74880
1,1971.0,,0,26.0,9,0,0,14400,0,14400
0,1962.0,1951.0,0,40.0,1,0,0,55000,0,55000
1,1964.0,1962.0,0,32.0,1,0,0,14400,0,14400
1,1968.0,,0,34.0,1,0,0,14400,0,14400
0,1964.0,1959.0,0,27.0,9,0,0,14400,0,14400
1,1966.0,,0,34.0,1,2,0,14400,0,14400
1,1960.0,,0,40.0,1,0,0,14400,0,14400
0,1969.0,,0,24.0,1,0,0,14400,0,14400
1,1971.0,1973.0,0,23.0,3,0,0,12296,0,12296
1,1984.0,,0,22.0,5,0,0,10080,0,10080
0,1971.0,1973.0,0,21.0,1,0,0,14400,0,14400
0,1986.0,,0,20.0,3,0,0,18720,0,18720
0,,1976.0,0,21.0,1,0,0,18000,0,18000
0,1984.0,1981.0,0,18.0,1,0,0,7,0,7
0,1982.0,,0,16.0,7,0,0,2856,0,2856
1,1984.0,,0,21.0,1,0,0,1560,0,1560
1,1986.0,,0,18.0,7,0,0,14560,0,14560
1,,,0,44.0,3,1,0,30000,0,30000
0,1967.0,1966.0,0,33.0,1,0,0,39000,0,39000
0,1986.0,,0,18.0,6,0,0,14400,0,14400
1,,,0,25.0,1,0,0,40000,0,40000
0,,,0,29.0,1,0,0,30000,0,30000
1,1981.0,,0,22.0,1,0,0,12722,0,12722
1,1981.0,1980.0,0,16.0,7,0,0,14400,0,14400
0,1973.0,,0,27.0,1,1,0,58500,0,58500
0,1973.0,,0,24.0,3,0,0,5760,0,5760
1,1980.0,,0,19.0,1,0,0,3000,0,3000
1,1976.0,,0,24.0,1,0,0,43000,0,43000
1,1984.0,,0,18.0,1,0,0,10000,0,10000
1,1979.0,,0,17.0,3,0,0,4320,0,4320
0,1970.0,,0,21.0,7,0,0,3000,0,3000
1,1970.0,,0,21.0,7,0,0,3000,0,3000
0,,,0,21.0,1,0,0,14400,0,14400
1,1959.0,1961.0,0,37.0,3,0,0,23000,0,23000
0,1963.0,1963.0,0,27.0,1,0,0,45000,0,45000
0,1978.0,,0,19.0,3,0,0,44280,0,44280
0,1963.0,,0,33.0,2,0,0,33000,0,33000
1,1956.0,1956.0,0,42.0,1,2,0,14400,0,14400
1,1956.0,1956.0,0,38.0,1,0,0,14400,0,14400
1,1969.0,,0,19.0,7,0,0,14400,0,14400
1,1966.0,1957.0,0,22.0,3,0,0,18000,0,18000
1,,,0,65.0,1,0,0,14400,0,14400
1,,,0,81.0,4,0,0,28000,0,28000
0,1942.0,,0,59.0,1,0,0,40000,0,40000
0,1969.0,,0,30.0,1,0,0,14400,0,14400
0,1960.0,1965.0,0,22.0,1,0,0,14400,0,14400
0,1986.0,,0,18.0,3,0,0,20800,0,20800
0,1987.0,1985.0,0,22.0,1,0,0,14400,0,14400
1,1987.0,,0,20.0,1,0,0,14400,0,14400
1,1963.0,1961.0,0,25.0,1,0,0,2800,0,2800
1,1936.0,1933.0,0,66.0,1,0,0,14400,0,14400
1,1980.0,1971.0,0,23.0,1,0,0,14400,0,14400
1,1978.0,1976.0,0,23.0,1,0,0,14400,0,14400
0,1978.0,1976.0,0,20.0,1,0,0,14400,0,14400
0,,,0,59.0,1,0,0,14400,0,14400
0,1967.0,1973.0,0,31.0,1,0,0,20800,0,20800
1,1980.0,,0,16.0,1,0,0,1200,0,1200
0,1956.0,1955.0,0,38.0,1,0,0,14400,0,14400
1,1962.0,1964.0,0,32.0,1,0,0,2259,0,2259
1,1984.0,1983.0,0,17.0,1,0,0,14400,0,14400
0,,,0,28.0,1,0,0,50000,0,50000
1,1969.0,1960.0,0,25.0,1,2,0,59956,0,59956
1,1970.0,,0,32.0,3,0,0,18000,0,18000
0,,1975.0,0,22.0,1,0,0,14400,0,14400
0,1971.0,1974.0,0,25.0,1,2,0,23000,0,23000
0,1971.0,1974.0,0,20.0,7,0,0,1000,0,1000
0,,,0,48.0,1,0,0,6083,0,6083
1,1978.0,1965.0,0,25.0,1,1,0,14400,0,14400
1,1975.0,,0,22.0,1,1,0,1662,0,1662
1,1980.0,,0,18.0,1,0,0,14400,0,14400
0,1968.0,,0,32.0,3,0,0,40000,0,40000
1,1983.0,1981.0,0,22.0,1,0,0,14400,0,14400
1,1987.0,,0,20.0,1,0,0,3600,0,3600
0,1972.0,1975.0,0,20.0,1,0,0,14400,0,14400
1,,,0,59.0,0,0,0,14400,0,14400
0,1953.0,1951.0,0,42.0,1,0,0,60000,0,60000
0,1962.0,1937.0,0,36.0,1,2,0,35000,0,35000
0,1977.0,1975.0,0,21.0,7,0,0,1200,0,1200
0,1984.0,1979.0,0,17.0,3,0,0,9000,0,9000
0,1984.0,1979.0,0,17.0,1,0,0,9000,0,9000
1,1984.0,1979.0,0,17.0,7,0,0,9000,0,9000
1,,,0,58.0,1,0,0,10000,0,10000
1,1965.0,1972.0,0,19.0,1,0,0,20000,0,20000
0,1972.0,1972.0,0,24.0,3,0,0,120000,0,120000
1,1975.0,,0,22.0,1,0,0,5539,0,5539
0,1957.0,1951.0,0,35.0,1,0,0,18000,0,18000
1,,,1,37.0,9,3,0,80000,0,80000
0,1956.0,1954.0,0,35.0,1,2,0,30240,0,30240
0,1965.0,1966.0,0,31.0,1,0,0,17680,0,17680
1,1986.0,,0,18.0,1,0,0,15600,0,15600
0,1968.0,1967.0,0,27.0,1,0,35000,35000,35000,70000
1,1952.0,1949.0,0,41.0,1,0,0,14400,0,14400
0,1974.0,,0,20.0,1,0,0,14400,0,14400
0,1978.0,,0,22.0,1,0,0,14400,0,14400
1,1978.0,,0,20.0,1,4,0,14400,0,14400
1,1949.0,,0,49.0,1,0,0,14400,0,14400
1,,,1,63.0,1,0,0,35000,0,35000
0,,,1,58.0,1,0,0,50000,0,50000
0,1981.0,1977.0,0,18.0,1,0,0,2000,0,2000
0,,1985.0,0,11.0,0,0,0,40,0,40
1,,,0,72.0,4,0,0,0,750,750
0,,,0,62.0,1,0,0,40000,0,40000
0,1966.0,1965.0,0,24.0,1,0,0,1920,0,1920
1,,,1,50.0,4,0,0,14400,0,14400
1,,,0,69.0,4,0,0,30000,0,30000
1,,,0,39.0,1,1,0,20000,0,20000
0,1982.0,,0,23.0,9,0,0,32500,0,32500
0,1978.0,,0,21.0,3,0,0,15000,0,15000
0,1980.0,1979.0,0,20.0,1,0,0,23500,0,23500
0,1978.0,,0,18.0,7,0,0,3000,0,3000
1,1981.0,,0,19.0,1,0,0,14400,0,14400
0,,,1,46.0,1,1,0,60000,0,60000
0,1966.0,1966.0,0,29.0,1,0,0,14400,0,14400
0,1979.0,,0,24.0,1,0,0,14400,0,14400
0,1965.0,1966.0,0,28.0,1,1,0,18000,0,18000
1,1970.0,1973.0,0,19.0,1,0,0,18500,0,18500
0,1982.0,1978.0,0,19.0,7,0,0,16250,0,16250
0,1988.0,1985.0,0,17.0,7,0,0,21875,0,21875
1,1988.0,1985.0,0,16.0,7,0,0,10800,0,10800
0,1977.0,,0,21.0,7,0,0,9360,0,9360
0,1976.0,,0,27.0,1,0,0,18000,0,18000
1,,1979.0,0,21.0,1,0,0,14400,0,14400
1,1975.0,,0,21.0,1,0,0,12400,0,12400
0,1983.0,,0,20.0,1,0,0,1440,0,1440
0,1991.0,1990.0,0,7.0,0,0,0,1200,0,1200
0,,,0,19.0,7,0,0,17400,0,17400
0,1973.0,1969.0,0,29.0,3,0,0,20200,0,20200
0,,,0,38.0,9,0,0,14400,0,14400
1,1984.0,1983.0,0,20.0,1,0,0,21000,0,21000
1,1984.0,1983.0,0,18.0,3,0,0,4000,0,4000
1,1980.0,1979.0,0,20.0,2,0,0,8300,0,8300
1,1980.0,,0,23.0,2,0,0,18000,0,18000
0,1982.0,,0,20.0,7,1,0,7000,0,7000
0,1975.0,1970.0,0,21.0,9,0,0,14400,0,14400
0,1983.0,,0,22.0,1,0,0,26000,0,26000
1,1983.0,,0,17.0,7,0,0,2000,0,2000
0,1965.0,,0,36.0,1,0,0,14400,0,14400
1,1945.0,,0,59.0,1,0,0,14400,0,14400
0,1961.0,1960.0,0,26.0,1,0,0,30000,0,30000
1,1970.0,1973.0,0,20.0,9,0,0,14400,0,14400
0,1970.0,1973.0,0,20.0,1,0,0,18000,0,18000
0,1982.0,1977.0,0,21.0,1,0,0,26624,0,26624
0,1982.0,1977.0,0,19.0,1,0,0,500,0,500
0,1970.0,,0,29.0,1,0,0,14400,0,14400
1,1969.0,,0,24.0,7,0,0,45200,0,45200
0,1977.0,1971.0,0,19.0,1,0,0,5408,0,5408
0,1973.0,1971.0,0,28.0,1,0,0,54000,0,54000
0,1963.0,1964.0,0,35.0,1,0,0,18000,0,18000
0,,,0,26.0,1,0,0,14400,0,14400
1,,,0,35.0,1,0,0,14400,0,14400
0,,,0,34.0,1,0,0,14400,0,14400
0,1986.0,,0,22.0,1,2,0,32640,0,32640
0,1979.0,,0,24.0,1,0,0,18000,0,18000
1,1958.0,1959.0,0,28.0,1,0,0,53000,0,53000
0,1978.0,1976.0,0,25.0,2,0,0,35000,0,35000
1,,,0,49.0,1,2,0,14400,0,14400
1,1957.0,1948.0,0,30.0,1,2,0,21200,0,21200
1,1981.0,,0,19.0,1,0,0,6440,0,6440
1,1974.0,,0,30.0,1,0,0,15000,0,15000
1,1974.0,,0,26.0,1,0,0,21000,300,21300
1,1974.0,1972.0,0,23.0,1,2,0,3970,0,3970
0,1982.0,1975.0,0,20.0,7,0,0,3136,0,3136
1,1982.0,1975.0,0,18.0,7,0,0,4312,0,4312
1,1967.0,1958.0,0,22.0,3,0,0,14400,0,14400
1,1974.0,1971.0,0,21.0,7,0,0,26000,0,26000
1,,1981.0,0,19.0,1,0,0,14400,0,14400
1,1938.0,,1,64.0,1,0,0,14400,0,14400
1,1959.0,1957.0,1,33.0,1,2,0,55000,0,55000
0,,,1,66.0,4,0,0,14400,0,14400
0,1962.0,1961.0,0,24.0,1,0,0,10000,0,10000
0,1959.0,1946.0,0,33.0,1,0,0,36000,0,36000
0,1953.0,1952.0,1,47.0,6,1,0,15000,0,15000
0,1971.0,1964.0,0,30.0,1,0,0,24000,0,24000
0,1976.0,,0,24.0,1,0,0,14400,0,14400
1,1977.0,,0,26.0,1,0,0,40012,0,40012
1,1977.0,,0,23.0,2,0,0,18000,0,18000
1,1985.0,,0,22.0,2,0,0,11000,0,11000
0,1981.0,1977.0,0,21.0,1,0,0,14400,0,14400
0,1963.0,,0,31.0,6,0,0,19756,0,19756
0,1981.0,,0,24.0,1,0,0,33280,0,33280
1,1981.0,,0,24.0,1,0,0,31200,0,31200
1,1960.0,,0,24.0,1,0,0,14400,0,14400
0,1956.0,,0,45.0,1,0,0,6600,0,6600
1,1961.0,1955.0,0,27.0,1,0,0,14400,0,14400
1,1973.0,,0,18.0,7,0,0,10500,0,10500
1,,,0,58.0,1,0,0,55000,0,55000
0,1969.0,1971.0,0,21.0,7,0,0,14400,0,14400
1,,,0,30.0,3,0,0,800,0,800
1,1981.0,1981.0,0,19.0,7,0,0,14400,0,14400
1,1971.0,,0,25.0,3,0,0,2191,0,2191
0,1971.0,,0,22.0,1,0,0,420,0,420
1,1971.0,,0,19.0,3,0,0,9000,0,9000
1,1979.0,,0,20.0,1,0,0,14400,0,14400
1,1986.0,1985.0,0,19.0,7,0,0,2000,0,2000
0,1986.0,,0,17.0,1,0,0,20890,0,20890
0,1975.0,,0,24.0,6,0,0,4000,0,4000
0,1974.0,,0,25.0,1,0,0,1200,0,1200
1,1962.0,1965.0,0,26.0,3,0,0,3120,0,3120
0,1952.0,,0,41.0,3,0,0,6480,0,6480
0,1918.0,,0,71.0,1,0,0,2200,0,2200
1,1979.0,,0,24.0,1,0,0,15000,0,15000
1,1982.0,1980.0,0,16.0,7,0,0,1080,0,1080
1,1986.0,1984.0,0,17.0,7,0,0,20160,0,20160
0,,1976.0,0,19.0,3,0,0,5000,0,5000
0,1981.0,,0,22.0,1,0,0,7000,0,7000
1,1964.0,,0,28.0,1,0,0,14400,0,14400
0,1981.0,,0,17.0,6,0,0,750,0,750
1,1977.0,1960.0,0,26.0,6,0,0,14400,0,14400
1,1958.0,,1,40.0,1,0,0,18000,0,18000
0,,,0,47.0,1,2,0,18000,0,18000
0,1982.0,,0,17.0,1,0,0,10000,0,10000
0,1982.0,,0,21.0,1,0,0,32000,0,32000
1,1980.0,,0,24.0,1,0,0,18000,0,18000
1,1983.0,,0,22.0,1,0,0,14400,0,14400
1,1985.0,,0,19.0,7,0,0,14400,0,14400
1,,1978.0,0,22.0,3,0,0,37440,0,37440
1,1987.0,1985.0,0,17.0,7,0,0,6000,0,6000
0,1935.0,,0,69.0,1,0,0,14400,0,14400
1,1974.0,,0,28.0,1,0,0,33280,0,33280
0,1964.0,1961.0,0,31.0,1,0,0,58000,0,58000
1,1964.0,1961.0,0,24.0,1,2,0,37000,0,37000
0,1964.0,,0,26.0,1,0,0,12,0,12
0,1964.0,1958.0,0,20.0,1,0,0,26000,0,26000
0,1974.0,,0,30.0,1,2,0,28000,0,28000
1,1974.0,,0,27.0,3,0,0,14400,0,14400
0,1974.0,,0,22.0,3,0,0,14400,0,14400
1,1958.0,,0,30.0,1,2,0,48000,0,48000
0,1958.0,,0,34.0,1,0,0,37440,0,37440
1,1981.0,1974.0,0,23.0,1,0,0,25000,0,25000
1,1976.0,1977.0,0,19.0,7,0,0,880,0,880
1,1981.0,1974.0,0,24.0,6,0,0,9000,0,9000
1,1954.0,1950.0,0,51.0,1,0,0,14400,0,14400
1,1968.0,1966.0,0,27.0,1,0,0,25009,0,25009
0,1979.0,1978.0,0,23.0,3,0,0,18000,0,18000
0,1979.0,1978.0,0,21.0,1,0,0,14400,0,14400
1,,,0,41.0,6,0,0,28000,0,28000
1,1974.0,,0,23.0,1,0,0,4896,0,4896
1,1974.0,,0,21.0,3,0,0,35360,0,35360
1,,,0,56.0,1,0,0,75000,0,75000
0,,,0,22.0,7,0,0,1200,0,1200
1,1977.0,1977.0,0,16.0,7,0,0,750,0,750
0,1975.0,1970.0,0,21.0,1,0,0,14400,0,14400
1,,1968.0,0,26.0,1,2,0,14400,0,14400
1,1965.0,1968.0,0,24.0,1,1,0,36000,0,36000
0,1959.0,1957.0,0,39.0,1,3,0,31200,0,31200
0,1959.0,1957.0,0,34.0,3,0,0,16240,0,16240
0,1959.0,1957.0,0,33.0,1,0,0,31200,0,31200
0,1973.0,,0,20.0,1,0,0,14400,0,14400
1,1984.0,1984.0,0,19.0,7,0,0,8760,0,8760
0,1987.0,,0,15.0,0,0,0,14400,0,14400
0,,,0,33.0,9,0,0,29000,0,29000
0,1984.0,1980.0,0,18.0,1,0,0,12000,0,12000
1,1980.0,,0,19.0,1,0,0,40000,0,40000
1,,,0,36.0,6,0,0,40000,0,40000
1,1974.0,1973.0,0,21.0,1,0,0,45000,0,45000
1,1970.0,1962.0,0,19.0,9,0,0,5000,0,5000
1,1974.0,1973.0,0,27.0,1,0,0,45000,0,45000
0,1982.0,,0,20.0,1,0,0,18000,0,18000
0,1982.0,,0,20.0,1,0,0,14400,0,14400
1,1981.0,,0,21.0,1,0,0,14400,0,14400
1,,,0,28.0,7,1,0,21594,0,21594
0,1953.0,,1,44.0,1,0,0,55000,0,55000
1,,,1,34.0,9,0,0,55000,0,55000
1,1971.0,1961.0,0,31.0,1,0,0,41600,0,41600
0,,1960.0,0,31.0,1,0,0,37440,0,37440
1,,,0,20.0,1,0,0,1600,0,1600
0,1974.0,1973.0,0,26.0,3,2,0,40000,0,40000
0,1974.0,1973.0,0,20.0,7,0,0,3000,0,3000
1,1977.0,1975.0,0,22.0,9,0,0,3000,0,3000
0,1979.0,,0,19.0,1,0,0,5500,0,5500
0,1972.0,,0,25.0,3,0,0,1846,0,1846
1,1963.0,,0,29.0,1,0,0,14400,0,14400
1,,,0,65.0,1,0,0,32000,0,32000
0,1939.0,,0,66.0,1,0,0,14400,0,14400
1,1979.0,,0,20.0,3,0,0,20938,0,20938
1,1979.0,1978.0,0,18.0,6,0,0,5760,0,5760
0,1979.0,,0,22.0,1,0,0,50240,0,50240
0,1979.0,,0,24.0,3,0,0,14400,0,14400
1,,,0,18.0,1,0,0,23200,0,23200
1,1986.0,,0,17.0,7,0,0,9600,0,9600
0,1983.0,,0,20.0,1,0,0,29120,0,29120
1,1989.0,,0,16.0,7,0,0,14400,0,14400
0,1955.0,1954.0,0,42.0,1,0,0,27000,0,27000
0,1976.0,1980.0,0,21.0,1,0,0,2215,0,2215
1,1976.0,1980.0,0,18.0,1,0,0,10500,0,10500
1,1973.0,,0,21.0,3,0,0,1302,0,1302
0,1963.0,1965.0,0,35.0,3,0,0,31200,0,31200
1,1963.0,,0,21.0,1,0,0,24960,0,24960
1,1976.0,1975.0,0,29.0,1,0,0,14400,0,14400
1,1969.0,1973.0,0,25.0,1,0,0,5440,0,5440
1,,1975.0,0,23.0,9,0,0,14400,0,14400
1,1986.0,1981.0,0,14.0,0,0,0,1329,0,1329
0,1976.0,1976.0,0,21.0,3,0,0,3000,0,3000
0,1956.0,1949.0,0,41.0,1,0,0,50000,0,50000
0,1979.0,,0,20.0,3,0,0,14400,0,14400
0,,,0,26.0,1,0,0,19200,0,19200
1,1973.0,1969.0,0,25.0,1,1,0,14400,0,14400
1,1971.0,,0,23.0,1,0,0,26000,0,26000
1,1971.0,,0,18.0,1,0,0,31200,0,31200
1,,,0,29.0,1,2,0,75000,0,75000
1,1986.0,,0,18.0,7,0,0,14400,0,14400
0,1974.0,1974.0,0,22.0,6,0,0,14400,0,14400
0,1974.0,1974.0,0,22.0,3,0,0,14400,0,14400
0,1983.0,,0,16.0,7,0,0,1300,0,1300
1,1980.0,1979.0,0,20.0,9,0,0,1728,0,1728
1,1979.0,1979.0,0,20.0,7,0,0,14400,0,14400
1,1972.0,1971.0,0,26.0,3,0,0,1750,0,1750
1,1972.0,1971.0,0,25.0,1,0,0,14400,0,14400
0,1953.0,,0,48.0,5,1,0,47950,0,47950
0,1962.0,1955.0,0,30.0,3,0,0,63440,0,63440
1,1981.0,1963.0,0,17.0,7,0,0,14400,0,14400
1,1950.0,,0,47.0,1,3,0,60000,0,60000
1,1974.0,,0,28.0,3,0,0,21626,0,21626
1,1974.0,,0,24.0,1,0,0,11000,0,11000
1,1964.0,,0,23.0,1,0,0,18000,0,18000
1,1977.0,,0,20.0,1,0,0,20200,0,20200
1,1978.0,,0,25.0,1,0,0,16320,0,16320
0,,,0,55.0,1,0,0,90000,0,90000
1,,,0,25.0,7,0,0,32000,0,32000
0,1969.0,1968.0,0,31.0,3,0,0,7000,0,7000
0,1969.0,1968.0,0,35.0,1,0,0,15000,0,15000
0,,,0,56.0,4,0,0,20000,0,20000
1,1968.0,1960.0,0,25.0,1,2,0,14300,0,14300
0,1968.0,1960.0,0,23.0,1,2,0,13860,0,13860
1,,,0,30.0,1,0,0,14400,0,14400
0,1974.0,1974.0,0,20.0,1,0,0,50000,0,50000
0,,,0,19.0,1,0,0,30000,0,30000
0,1973.0,1966.0,0,26.0,1,4,0,15000,0,15000
0,1963.0,,0,24.0,1,0,0,33280,0,33280
1,1934.0,1933.0,0,53.0,1,0,0,18000,0,18000
0,1959.0,1952.0,0,32.0,1,0,0,35000,0,35000
0,1972.0,,0,31.0,3,0,0,14400,0,14400
1,1978.0,,0,25.0,1,0,0,50000,0,50000
1,1982.0,,0,18.0,7,0,0,13200,0,13200
1,1989.0,,0,17.0,3,0,0,6720,0,6720
0,,,0,24.0,3,0,0,1352,0,1352
1,1986.0,1978.0,0,16.0,7,0,0,1000,0,1000
1,1985.0,1984.0,0,21.0,1,0,0,14400,0,14400
0,,,0,24.0,3,0,0,20580,0,20580
1,1951.0,,0,37.0,9,0,0,14400,0,14400
1,1980.0,1980.0,0,22.0,1,0,0,13000,0,13000
1,1969.0,1967.0,0,29.0,2,0,0,14250,0,14250
0,1984.0,,0,18.0,7,0,0,6000,0,6000
0,1979.0,,0,22.0,3,0,0,17200,0,17200
1,1974.0,,0,28.0,1,1,0,14400,0,14400
1,1974.0,,0,28.0,1,0,0,20200,0,20200
0,1984.0,1985.0,0,19.0,7,0,0,37440,0,37440
1,1983.0,,0,22.0,3,0,0,14400,0,14400
1,1981.0,,0,22.0,7,1,0,4000,0,4000
1,1968.0,1960.0,0,30.0,7,1,0,18000,0,18000
0,1956.0,1953.0,0,34.0,3,3,0,18000,0,18000
0,1974.0,1972.0,0,23.0,1,0,0,14400,0,14400
1,1974.0,1972.0,0,20.0,1,0,0,14400,0,14400
0,1974.0,1972.0,0,18.0,1,0,0,14400,0,14400
1,1947.0,,0,49.0,1,0,0,14400,0,14400
0,1966.0,1966.0,0,38.0,7,0,0,14400,0,14400
1,1936.0,1931.0,0,64.0,1,0,0,14400,0,14400
0,1974.0,,0,30.0,1,0,0,14400,0,14400
0,1974.0,,0,23.0,1,0,0,14400,0,14400
0,1980.0,,0,20.0,1,0,0,9599,0,9599
0,1972.0,,0,19.0,3,0,0,20000,0,20000
0,1980.0,1985.0,0,16.0,1,0,0,1000,0,1000
0,,,0,40.0,3,0,0,12001,0,12001
0,1981.0,,0,21.0,1,0,0,35000,0,35000
0,1987.0,,0,16.0,1,0,0,300,0,300
0,1956.0,,0,29.0,1,0,0,14400,0,14400
0,1959.0,,0,26.0,1,0,0,24000,0,24000
0,1984.0,1979.0,0,16.0,7,0,0,2000,0,2000
0,1975.0,1971.0,0,20.0,1,0,0,2400,0,2400
1,1977.0,,0,25.0,1,0,0,38000,0,38000
0,1977.0,1977.0,0,24.0,3,0,0,40000,0,40000
0,1987.0,,0,19.0,6,0,0,27900,0,27900
0,1983.0,,0,17.0,1,0,0,720,0,720
1,1986.0,1978.0,0,21.0,1,1,0,34000,0,34000
0,1986.0,1978.0,0,18.0,7,0,0,6000,0,6000
1,1970.0,1972.0,0,31.0,1,0,0,45000,0,45000
1,1975.0,,0,16.0,1,0,0,13600,0,13600
1,,,0,67.0,4,0,0,14400,0,14400
0,,,0,19.0,1,0,0,14400,0,14400
0,1972.0,,0,20.0,1,0,0,25000,0,25000
1,1980.0,,0,21.0,3,0,0,14400,0,14400
0,1969.0,1974.0,0,15.0,0,0,0,3064,0,3064
1,1977.0,,0,26.0,7,0,0,14560,0,14560
0,1964.0,1963.0,0,34.0,1,0,0,29000,0,29000
0,,1979.0,0,19.0,1,0,0,19382,0,19382
0,1973.0,,0,24.0,1,0,0,35000,0,35000
0,1977.0,,0,28.0,1,0,0,14400,0,14400
1,1975.0,1976.0,0,22.0,9,0,0,14400,0,14400
1,1977.0,,0,23.0,1,0,0,14400,0,14400
1,1970.0,,0,19.0,1,0,0,2000,0,2000
0,1968.0,,0,27.0,1,0,0,50000,0,50000
0,,,0,16.0,7,0,0,3108,0,3108
0,1980.0,,0,23.0,3,0,0,24120,0,24120
0,1977.0,1973.0,0,28.0,1,0,0,14400,0,14400
0,1977.0,,0,18.0,1,0,0,14400,0,14400
1,1980.0,1973.0,0,21.0,1,0,0,21500,0,21500
1,,,1,45.0,9,1,0,14400,0,14400
0,1969.0,1964.0,0,25.0,1,0,0,67000,0,67000
0,1969.0,1964.0,0,31.0,3,0,0,19000,0,19000
1,1966.0,1956.0,0,21.0,1,0,0,37440,0,37440
1,,,0,63.0,1,0,0,14400,0,14400
0,,,0,27.0,1,0,0,30000,0,30000
1,1937.0,,0,57.0,6,0,0,8320,0,8320
1,1974.0,1973.0,0,19.0,1,0,0,14400,0,14400
1,,,0,29.0,9,0,0,14400,0,14400
1,1965.0,1964.0,0,24.0,1,0,0,14400,0,14400
1,1965.0,1964.0,0,20.0,1,0,0,2769,0,2769
0,1976.0,1977.0,0,28.0,1,0,0,92000,0,92000
1,1976.0,,0,22.0,1,0,0,52000,0,52000
1,1985.0,1983.0,0,17.0,1,0,0,6024,0,6024
0,1960.0,1957.0,0,23.0,1,0,0,14400,0,14400
1,1971.0,1965.0,0,19.0,1,0,0,1500,0,1500
0,1985.0,1975.0,0,17.0,1,0,0,1170,0,1170
0,1980.0,,0,20.0,1,0,0,1190,0,1190
0,,,1,57.0,1,0,0,14400,0,14400
0,,,0,31.0,1,3,0,14400,0,14400
1,1955.0,1953.0,0,47.0,1,0,0,14400,0,14400
0,1978.0,,0,20.0,1,0,0,10400,0,10400
0,1983.0,1982.0,0,19.0,2,0,0,14400,0,14400
0,1983.0,1982.0,0,18.0,2,0,0,10000,0,10000
1,,,0,54.0,1,0,0,58240,0,58240
1,1963.0,,0,41.0,1,0,0,26950,0,26950
1,1978.0,1976.0,0,22.0,3,0,0,14400,0,14400
1,1983.0,,0,18.0,1,0,0,14400,0,14400
0,1981.0,,0,17.0,1,0,0,3692,0,3692
1,,,0,23.0,1,0,0,18000,0,18000
1,,,0,21.0,3,0,0,20200,0,20200
0,1963.0,,0,18.0,1,0,0,900,0,900
0,1968.0,,0,37.0,1,2,0,14400,0,14400
1,1968.0,,0,28.0,1,0,0,14400,0,14400
1,1984.0,,0,20.0,1,0,0,18000,0,18000
0,1951.0,1951.0,1,46.0,5,2,0,14400,0,14400
1,1965.0,1959.0,0,27.0,1,0,0,31000,0,31000
0,1972.0,1968.0,0,21.0,1,0,0,6000,0,6000
0,1978.0,,0,21.0,7,0,0,3206,0,3206
0,1965.0,1960.0,0,23.0,1,0,0,9360,0,9360
0,,,0,24.0,9,0,0,14400,0,14400
0,1978.0,1977.0,0,23.0,1,0,0,14400,0,14400
0,1978.0,1977.0,0,27.0,1,0,0,14400,0,14400
1,1974.0,,0,27.0,1,2,0,55000,0,55000
0,1980.0,1978.0,0,19.0,9,0,0,6000,0,6000
1,,,1,28.0,1,0,0,65000,0,65000
0,,,0,25.0,2,0,0,14400,0,14400
1,,1949.0,0,48.0,1,0,0,14400,0,14400
1,1961.0,1932.0,0,37.0,1,2,0,66600,0,66600
0,1976.0,,0,28.0,3,0,0,20200,0,20200
0,1979.0,,0,26.0,3,0,0,14400,0,14400
1,1987.0,,0,21.0,3,0,0,27200,0,27200
1,1975.0,1976.0,0,20.0,7,0,0,28000,0,28000
1,1977.0,1968.0,0,18.0,1,0,0,6875,0,6875
0,,,1,55.0,9,0,0,150800,0,150800
1,1964.0,1961.0,0,21.0,1,0,0,14400,0,14400
1,1964.0,1961.0,0,16.0,1,0,0,18000,0,18000
0,1973.0,1974.0,0,26.0,1,0,0,14400,0,14400
0,1980.0,1980.0,0,17.0,7,0,0,1275,0,1275
0,1980.0,1980.0,0,16.0,7,0,0,1275,0,1275
0,1980.0,1980.0,0,21.0,1,0,0,14400,0,14400
1,1980.0,1980.0,0,20.0,1,0,0,14400,0,14400
1,1960.0,1965.0,0,27.0,1,0,0,35360,0,35360
1,,,0,64.0,0,0,0,23000,0,23000
0,1970.0,,0,20.0,1,0,0,14400,0,14400
0,1970.0,,0,18.0,7,0,0,14400,0,14400
1,1988.0,,0,21.0,2,0,0,33592,0,33592
1,1926.0,1913.0,0,60.0,1,0,0,14400,0,14400
0,1955.0,,0,44.0,1,0,0,62400,0,62400
0,1962.0,,0,24.0,1,0,0,14400,0,14400
0,1969.0,,0,29.0,1,0,0,20766,0,20766
0,1965.0,1959.0,0,34.0,1,0,0,70000,0,70000
1,1944.0,,0,57.0,1,0,0,65000,0,65000
0,,,0,28.0,3,0,0,10385,0,10385
1,1974.0,1969.0,0,25.0,1,0,0,2000,0,2000
1,1974.0,1969.0,0,23.0,3,0,0,800,0,800
1,1969.0,1967.0,0,32.0,1,0,0,44160,0,44160
0,1978.0,,0,22.0,1,0,0,6000,0,6000
1,1978.0,,0,23.0,1,0,0,4800,0,4800
1,1980.0,,0,20.0,1,0,0,18000,0,18000
1,1980.0,,0,19.0,1,0,0,19400,0,19400
1,1980.0,,0,17.0,7,0,0,15000,0,15000
0,1965.0,1960.0,0,22.0,1,1,0,14400,0,14400
1,1980.0,1973.0,0,17.0,1,0,0,3900,0,3900
0,,,0,54.0,1,0,0,35000,0,35000
0,,,0,28.0,1,0,0,14400,0,14400
1,1973.0,1977.0,0,22.0,1,0,0,42432,0,42432
1,1970.0,1960.0,0,18.0,3,0,0,5760,0,5760
1,,,0,59.0,1,0,0,14400,0,14400
1,1979.0,,0,25.0,3,2,0,14398,0,14398
1,,,1,66.0,1,0,0,14400,0,14400
1,1977.0,,0,19.0,7,0,0,1384,0,1384
1,1977.0,,0,19.0,3,0,0,19200,0,19200
0,1977.0,,0,19.0,3,0,0,12240,0,12240
1,1978.0,1978.0,0,20.0,1,0,0,75000,0,75000
0,1955.0,1951.0,0,44.0,3,0,0,39400,0,39400
1,1968.0,1967.0,0,26.0,1,0,0,34000,0,34000
1,1973.0,1964.0,0,26.0,1,2,0,60000,0,60000
1,1973.0,1964.0,0,28.0,1,0,0,5000,0,5000
1,,,0,24.0,1,2,0,35000,0,35000
0,1967.0,1962.0,0,29.0,2,0,0,14400,0,14400
0,,,0,21.0,1,0,0,14400,0,14400
0,1967.0,1967.0,0,32.0,1,0,0,35360,0,35360
0,1968.0,,0,30.0,1,0,0,26880,0,26880
1,1979.0,1979.0,0,24.0,1,0,0,65000,0,65000
0,,,1,31.0,5,0,0,5915,0,5915
0,1972.0,1969.0,0,20.0,7,0,0,5280,0,5280
1,1960.0,1958.0,0,29.0,1,0,0,45000,0,45000
0,1967.0,,0,24.0,1,0,0,35994,0,35994
1,1978.0,1977.0,0,17.0,1,0,0,27000,0,27000
1,1978.0,1977.0,0,26.0,1,0,0,23000,0,23000
0,1958.0,1960.0,0,27.0,3,0,0,14400,0,14400
1,1948.0,,0,52.0,3,0,0,14400,0,14400
1,1988.0,1984.0,0,16.0,3,0,0,1599,0,1599
